rId_lcb,rName_lcb,rId_rbd,rName_rbd,total_energy_avg,total_energy_std
1,ASN,498,GLN,-1.0921833083383998,2.151971743510133
1,ASN,500,THR,-1.5393523529767998,2.6905383644022254
1,ASN,501,ASN,-2.345032143816,3.4005863558610208
3,ASP,498,GLN,-4.312314031216,2.1850745142440986
3,ASP,501,ASN,-5.0709811499064,2.863579223963792
4,GLU,501,ASN,-5.4314715360808,2.780864349734754
4,GLU,502,GLY,-2.2098646179176002,2.189641067180402
4,GLU,505,TYR,-5.5473058027568,1.322745650920603
6,HIS,493,GLN,-1.2503880504912,1.5833096799491857
6,HIS,495,TYR,-3.4795425892079996,2.279669608502763
6,HIS,496,GLY,-1.8020139872376,1.2033681949270403
7,MET,403,ARG,-4.9057723568439995,1.403031997740686
7,MET,495,TYR,-3.2394567576416,0.763441474944682
7,MET,497,PHE,-1.3818802564688002,0.6046536491135852
7,MET,501,ASN,-1.0352922168624,0.5258637392033199
7,MET,505,TYR,-5.3555473598992,0.7806420737280392
8,LEU,505,TYR,-3.4528210219416002,0.6415235705504219
10,THR,453,TYR,-2.094855166296,0.9147836445221647
10,THR,455,LEU,-2.2702712363288002,0.7001237823942502
10,THR,493,GLN,-2.0040753583104003,1.1461265804885268
11,ASP,403,ARG,-25.593261886244,4.054611518200401
11,ASP,406,GLU,1.3610432147544003,0.7135720850491387
11,ASP,417,LYS,-6.000094532332801,7.26554885815819
11,ASP,505,TYR,-1.0860859731288002,1.818820245225391
14,TYR,416,GLY,-2.4409119326416,1.1014807493907577
14,TYR,417,LYS,-7.8444323377272,2.198797870729955
14,TYR,420,ASP,-1.6318070294272002,3.1798607145225737
14,TYR,421,TYR,-1.3788253169240001,1.0671570314213346
14,TYR,455,LEU,-2.6790884205632,1.7352994597845552
17,LEU,456,PHE,-1.3615888163015997,0.5042122713620566
23,GLU,477,SER,-1.8198909030375998,4.398693270223728
27,LYS,486,PHE,-2.6830864317816,1.1368235620944074
30,PHE,475,ALA,-3.1072509701824003,0.7997763227052659
30,PHE,476,GLY,-1.1712304190855998,0.7015295161104722
30,PHE,486,PHE,-3.6823094030559997,1.5810256501971631
30,PHE,487,ASN,-4.5684920895375996,1.3227396393307256
30,PHE,489,TYR,-3.8211270910583996,1.1997812455222743
31,GLN,486,PHE,-2.6354735541248,1.099821662537019
33,PHE,456,PHE,-1.5906397837736,0.5776279887598437
33,PHE,489,TYR,-4.7308588547752,0.8533275479192991
34,GLU,486,PHE,-3.6021654819864,1.5787472418833264
34,GLU,487,ASN,-1.2762246451752004,2.0643186701305463
34,GLU,489,TYR,-2.4449643349240002,2.003986981736503
37,ASP,484,GLU,1.05096449452,0.9611313735159867
38,LYS,484,GLU,-1.3697910571327998,2.9955951279100623
40,TYR,449,TYR,-1.6189000733088001,1.0408622249292057
40,TYR,493,GLN,-1.5758597491647999,1.3413248910476474
40,TYR,494,SER,-1.9593424074904,2.331873693658997
41,LYS,484,GLU,-9.0225386625168,7.151374988979754
