residue_id,01_D,02_K,03_E,04_W,05_I,06_L,07_Q,08_K,09_I,10_Y,11_E,12_I,13_M,14_R,15_L,16_L,17_D,18_E,19_L,20_G,21_H,22_A,23_E,24_A,25_S,26_M,27_R,28_V,29_S,30_D,31_L,32_I,33_Y,34_E,35_F,36_M
G,-0.46478,-0.23837,0.95265,1.89905,-0.08344,2.3337,2.5395,-0.01491,2.17855,3.73838,0.70549,0.90481,2.73643,0.92767,0.06904,1.17783,0.77205,0.12818,0.75263,0.60648,0.6676,1.49404,2.49611,1.18498,0.87389,2.35813,0.78006,1.47531,2.11981,4.15313,2.15957,4.66768,4.58717,0.98703,0.4678,1.33686
A,0.10394,0.28584,0.36958,2.17074,-0.04323,1.82126,3.07235,-0.53281,1.58534,3.93931,0.32422,1.3647,3.08052,0.48426,0.38425,0.90686,0.89243,0.42977,0.18812,0.7448,-0.04194,1.08131,1.46655,1.23013,1.86417,2.08514,1.59188,2.64649,1.76012,3.42793,2.25588,3.3636,4.19767,0.95421,0.45396,1.88108
V,-0.01297,-0.45165,0.85617,2.15956,-0.00523,1.89358,1.75674,-0.34375,2.31111,2.49286,0.49898,1.26778,2.51924,0.17144,-0.20687,1.16615,0.19273,-0.05559,0.47457,0.77718,-0.10866,1.19328,1.05857,1.4334,1.24743,2.59342,1.97358,2.54669,1.9272,4.01535,2.6598,2.23072,3.84124,1.11188,0.39997,1.19138
L,-0.08256,0.07451,0.18035,1.63628,0.00074,1.13049,1.62506,0.15188,1.26522,2.61484,0.58305,1.20673,2.28471,0.53705,0.16628,1.01317,0.56196,-0.05754,0.11398,0.45308,-0.43178,0.63859,0.06397,1.68136,1.67717,0.65024,1.38934,1.96143,2.31117,4.04554,2.15948,2.97823,2.42457,1.34106,0.32686,0.85364
I,0.32015,0.23585,0.9555,1.68885,-0.25639,1.76006,1.78084,0.34015,2.2194,2.91159,0.6089,0.7256,2.06103,0.16483,-0.06336,1.653,0.3404,0.13637,0.45368,0.05611,-0.17916,1.28983,0.2718,2.28985,1.19775,1.9808,1.43395,2.44015,2.12521,4.47368,2.37454,2.08155,3.01917,0.67233,0.63782,0.89056
S,-0.19635,0.15642,0.96046,2.51258,-0.17783,1.23375,2.39452,0.49481,1.22951,3.83526,0.55296,1.12214,2.57417,0.56458,-0.17936,1.27692,0.6279,0.10505,0.32552,0.54871,0.04867,1.13776,2.09324,1.7476,1.2877,2.41573,0.91842,2.3427,2.24666,4.00984,1.55189,3.75158,4.52029,0.84089,0.32098,1.05885
T,0.26621,-0.00971,0.80982,2.04321,0.4277,1.25186,2.76179,-0.20364,1.76614,3.50896,0.53923,1.3594,3.07662,0.3035,-0.06982,1.17166,0.70438,-0.01059,0.26658,0.61596,-0.12186,1.27366,2.06992,1.49495,1.31814,3.35232,1.3864,2.17737,1.91402,3.77179,2.22112,3.22884,3.54697,0.61473,0.18177,1.15306
M,0.16104,-0.05491,-0.11925,1.53921,-0.1613,1.92412,1.5484,0.19384,1.53519,2.34951,0.30074,0.86776,2.46696,0.79899,0.26373,0.87439,0.39835,0.01762,0.63587,0.25808,-0.17979,1.19656,0.72022,1.53751,0.50718,1.46261,1.13346,1.88735,1.94692,4.02503,1.60681,3.62133,3.22537,0.93974,0.15408,0.63388
C,0.01928,-0.06955,1.02468,2.25506,-0.31838,1.44719,2.9258,0.25737,1.64466,3.16158,0.61292,1.83563,2.92897,0.61246,-0.04765,0.17347,0.79918,0.33763,0.29203,0.49406,0.09487,1.94966,1.76565,1.1923,1.27588,2.69052,1.84427,1.43502,2.4586,3.86793,2.25663,4.08439,4.07428,0.97512,0.51356,1.31737
N,-0.07007,-0.2302,0.70852,2.08164,-0.14393,1.05442,0.8618,0.07655,1.72823,3.62759,0.67436,1.05295,2.92911,0.49531,0.27056,0.9921,0.5687,0.23943,0.25831,0.46716,0.49306,0.86227,1.63837,1.66749,1.21923,2.91146,0.29249,1.48345,2.06044,3.38052,2.46706,3.5754,3.57942,1.4143,0.62986,1.5924
Q,-0.26051,-0.31901,0.5121,1.95831,-0.01532,1.01576,0.0242,0.37517,1.60837,2.33922,0.61945,1.20384,3.79693,0.52907,0.17194,1.14238,-0.46852,-0.09372,0.40802,0.31404,0.06033,0.60406,0.55436,1.85143,1.93008,1.30638,0.7956,2.0787,2.1626,3.30658,2.04991,4.02612,3.14406,1.30491,0.8665,1.18702
K,-0.01065,-0.06993,0.15765,1.4754,-0.58202,1.98145,1.70107,0.38884,1.12602,3.16957,0.74642,0.95706,1.8588,0.51169,0.17289,0.9931,0.56709,0.20937,0.24972,0.61314,0.14949,3.31325,0.98689,1.49345,3.75046,4.18496,1.05031,1.98182,4.01632,4.20559,2.50087,4.4545,3.36375,1.07916,0.08065,1.39238
R,0.00584,-0.14867,0.01057,1.64726,-0.03797,0.81557,1.91576,0.07039,1.42067,3.03703,0.5063,1.03969,2.87165,-0.11153,0.22257,1.30454,-0.66016,0.24514,0.56324,0.4003,-0.09747,1.9609,-0.11967,1.968,3.03379,2.76384,0.56285,2.56458,1.4512,3.56558,2.34851,5.1788,2.86335,0.45923,-0.01497,-0.2945
H,-0.01902,0.14181,-0.63377,1.52797,-0.35785,1.97064,-0.6036,0.37333,2.5851,1.34333,0.60713,1.07796,2.62133,0.46341,0.01769,0.46438,-0.32218,0.33041,0.25072,0.61542,0.289,0.67869,0.40064,2.0674,1.04709,-0.15558,1.18906,2.20666,1.46662,4.19836,1.90948,3.4457,2.44017,0.447,0.59512,1.02871
D,-0.05972,-0.1467,0.7358,2.03665,0.32692,1.43481,0.42659,0.26762,1.68678,3.34431,0.33617,1.49784,2.85115,0.5008,0.35995,0.49382,-0.16983,0.20119,0.24389,1.11546,-0.23661,1.87701,1.27732,1.58675,1.59622,2.49579,0.89191,2.23168,1.73449,1.50727,1.84493,3.72101,3.75701,0.60408,0.72275,1.25312
E,0.21311,-0.13878,-0.26946,2.24499,-0.05563,1.29257,-0.49882,-0.22983,1.97488,3.24548,-0.23793,1.92929,3.10962,0.33114,-0.1381,1.28174,-0.07206,0.17514,0.39537,0.5877,-0.28691,0.92441,0.89951,1.63907,1.65918,0.15934,0.97244,2.38019,2.18323,2.66538,2.16401,3.66986,4.04502,0.94504,0.47508,1.40069
P,0.1194,0.06453,0.71632,1.73799,0.26204,2.40317,2.0005,-0.37759,0.58923,4.10926,1.33034,1.15252,1.7783,0.33064,0.18627,1.95592,0.77037,-0.15258,0.57256,2.1961,0.28108,0.98043,1.75767,1.16802,2.31751,2.38491,1.73202,2.23819,1.08064,3.4516,2.59164,4.22302,4.31119,0.95435,1.08997,1.53847
F,-0.26552,-0.27959,-0.99239,1.05377,-0.4514,1.95862,0.14073,-0.23025,2.37163,0.31065,0.86545,0.65949,2.32642,0.78583,0.18262,1.30646,-0.70198,-0.00581,0.45799,0.10893,0.23665,0.37879,-0.76647,1.40417,1.20703,0.03719,0.6993,1.93248,1.65689,3.72758,2.74097,3.39211,0.65298,0.99225,0.80572,0.95977
W,-0.01759,-0.00531,-1.9862,0.00503,-0.12719,1.7807,1.02132,0.19533,2.08499,0.30325,0.9536,1.46343,3.16849,0.09924,0.35492,1.05724,-1.13378,0.15281,0.23335,-0.16758,-0.08016,-0.56306,0.60773,1.28765,2.80985,1.90761,2.24302,2.27744,1.40843,3.5082,1.60023,3.19288,1.28059,0.8685,0.42841,0.05455
Y,-0.34486,0.28628,-0.65396,0.7369,0.42575,3.05929,-0.26248,-0.26017,1.30725,-0.01731,0.78892,0.56504,2.57351,0.39043,0.25537,1.08038,-0.15741,-0.04743,0.20344,0.06926,0.12406,0.55922,-0.00025,1.23335,2.07845,1.9143,1.15946,1.93341,1.71226,3.40394,1.94699,4.3029,0.45257,1.30805,0.87925,1.81247
