time_ns,sec.str. C$\rm\alpha$ lcb [$\rm\AA$],sec.str. C$\rm\alpha$ rbd [$\rm\AA$],sec.str. C$\rm\alpha$ [$\rm\AA$]
1.0,0.8353425252511556,1.0166914125790583,1.0220085283807776
2.0,0.8664070137116042,1.0416349738858826,1.0290414951928586
3.0,1.0708472668169118,1.1999029239873433,1.2749977104548855
4.0,1.0374958925216768,1.2423720826893123,1.3104166664739192
5.0,1.0085547546184317,1.034777473383014,1.1408557889232342
6.0,0.9142133636197933,1.2904133471521833,1.2966558473691585
7.0,1.0504612674982445,1.2721595493075681,1.3072241846016894
8.0,0.9424008816916147,1.3461188354725395,1.2648800716562254
9.0,0.8372884744186122,1.0796362732861082,1.102531474345292
10.0,0.9683354090255321,1.221220079347925,1.2298693485073056
11.0,1.114530834758359,1.3416523005977763,1.4114031803722622
12.0,1.0668346672516895,1.194143817919678,1.3005492887857504
13.0,1.0540703935620002,1.4034703595346119,1.3570780731584478
14.0,1.1094126994320443,1.055894411937641,1.1415715347181634
15.0,0.9368534561594672,1.3813218429773952,1.2951299182389049
16.0,1.0230788701271127,1.2909195003412548,1.292597545315488
17.0,1.0687763117000968,1.3420467230410258,1.3664297385898063
18.0,0.9549207961311302,1.3861296667138678,1.4281083703375586
19.0,1.016960745463547,1.2155726358912897,1.3268522860082297
20.0,1.0635584109003653,1.1394178868780225,1.2358955391595383
21.0,1.0465460980858199,1.2208690398151916,1.257555383283288
22.0,0.9504444200185814,0.989507065102084,1.05910898695091
23.0,1.0777584963695865,1.0865585518567609,1.1992143727211482
24.0,0.9528352897272246,1.533175394703066,1.433187716446981
25.0,1.032401689221602,1.054388221397341,1.1434180233192668
26.0,1.1503808352368659,1.051227454555412,1.2006536311144884
27.0,1.0121184808366093,1.056522681965064,1.1213235058588333
28.0,1.212636370282055,1.1177518340744554,1.347073708631398
29.0,1.0379872957615333,1.064156220128823,1.1383178374288572
30.0,1.0277227374910336,1.1647147265552458,1.3037586167278445
31.0,1.0117002473212522,1.4402479285139551,1.3763747567284903
32.0,0.9685920411645488,1.329842017848199,1.2876122429107757
33.0,0.9450451592735759,1.2580363910465826,1.209269057884279
34.0,1.13538949560128,1.2026686648221665,1.2854197587606535
35.0,0.9875251433026946,1.2159771089023104,1.231918307007354
36.0,0.9736609911010451,1.3816334884412966,1.2546618932457272
37.0,1.0898388892745332,1.2942338737684684,1.306236407014754
38.0,1.0431619142764323,1.4394007001870157,1.4775932617578724
39.0,0.9188221728592583,1.3309745085215805,1.2657652437725246
40.0,1.0330577306030382,1.2246031729435145,1.3728205666491113
41.0,0.9815851911717818,1.3884969978152548,1.3548295492245188
42.0,0.9311340040987358,1.316055414344336,1.2523528119089646
43.0,0.9849964753673719,1.2815467991636678,1.2883236465652825
44.0,1.1915714942131694,1.1662618815054866,1.2928955578250365
45.0,0.9793018906669901,1.4784837174992291,1.3882840067892275
46.0,1.0032883726382344,1.3346268291149135,1.2765716623754495
47.0,0.9762747975657391,1.3412615608960767,1.2391653961538478
48.0,1.0568232046354766,1.414685918209935,1.390165145106083
49.0,1.0447011646332616,1.333759573214079,1.3332596439022484
50.0,1.079672227207067,1.456647230865849,1.4460287699391314
51.0,1.0046440387999305,1.4588095058270663,1.3423271977701328
52.0,1.079040805629781,1.4077570389509468,1.3473886882537518
53.0,0.9454579438965293,1.45546722058056,1.315728786008977
54.0,1.0213280884098714,1.2186257606890822,1.2072310281945735
55.0,0.9542716067821669,1.4805807280828114,1.3405442394111948
56.0,1.027346855374061,1.4182115052212956,1.4990772296015402
57.0,1.1004006942346762,1.4208247169977268,1.5729507474438003
58.0,0.9324654799860054,1.3799239812670288,1.2807330854725212
59.0,0.9036557131828464,1.4372507498313183,1.3545395312200723
60.0,1.0364687024091168,1.3638785943701415,1.3554917335716101
61.0,0.9882536612150196,1.6098896631054607,1.5020168038650057
62.0,0.914816107089766,1.3844684223899342,1.3030506419171712
63.0,1.0388718189259007,1.4930261949357444,1.4168226925061937
64.0,0.949340254870511,1.3974838140131285,1.3870032209171583
65.0,0.9568836397721244,1.3571326952332317,1.2573639084450439
66.0,0.9903063572988248,1.394992445931659,1.3828129048351872
67.0,0.8660063292211779,1.5701726169044419,1.6263285203750728
68.0,1.000000088979514,1.6047972673984878,1.4480601795554247
69.0,1.008783467370537,1.4174303245714703,1.3332561320047518
70.0,1.0188474431301755,1.3765143218015774,1.289192988149874
71.0,1.000131644257944,1.3906394873026406,1.4083695411906365
72.0,0.953254865561911,1.2538429705190306,1.198861735005617
73.0,0.9368494621159094,1.2355229861385026,1.1568370270105575
74.0,0.7863421444550727,1.26499342210505,1.1605690976465475
75.0,0.9881075652009339,1.3292173014754218,1.2652004107659958
76.0,1.0448118123208125,1.256745589132812,1.2131532536548975
77.0,0.8226737849447493,1.2731359682842742,1.2074630074585744
78.0,0.967560313511924,1.4112432135611515,1.4609382128388921
79.0,0.7661271826857508,1.294519127609104,1.1523132548539734
80.0,1.0169650331374165,1.4767947028987607,1.4268956161705668
81.0,0.9823438419178472,1.5371583237171733,1.885857101791257
82.0,0.9616591884877784,1.230674226179167,1.431771583258964
83.0,0.9057701328259665,1.2953143508323348,1.303356358782932
84.0,0.9605630266096148,1.5288804541295944,1.5045171833022082
85.0,1.0404286581752589,1.3697822799878212,1.4572832410233374
86.0,0.8664843570324351,1.348142841250768,1.498165407648874
87.0,1.0043232411739107,1.408698774225372,1.6971135826959067
88.0,0.85746757473062,1.4317582160420248,1.4962028989998348
89.0,1.1665560163469946,1.4762947414769172,1.6743852299534565
90.0,1.0935126928687091,1.389317133671902,1.5213263886466175
91.0,1.0220139178668555,1.459730342050321,1.6202853294519042
92.0,0.9817657826816064,1.4687807995982396,1.5564138399903122
93.0,1.0157999540450313,1.3930203333693223,1.3715191404274092
94.0,0.8857072668420343,1.5404760356946248,1.460810579910088
95.0,0.9987371806977108,1.4442360848148754,1.3295319824276723
96.0,1.0502622381622473,1.3484419634125668,1.37753294919594
97.0,1.0098236353254662,1.3223553423715146,1.2837318814594658
98.0,0.8119618409037646,1.2648317803139202,1.2759984103156023
99.0,0.8135434485954425,1.4204606950758683,1.4530077557235166
100.0,0.8293227316367325,1.1713519619487254,1.1829642800677644
101.0,1.0041221244649714,1.3072483509941402,1.2955834731853753
102.0,0.9450554501568931,1.3754096578663746,1.359507364612467
103.0,0.9212753903507125,1.3762749362505424,1.3231344389498303
104.0,0.7788112502475527,1.5703822725525518,1.5082105872048255
105.0,0.9852626117245508,1.5672340580269586,1.6029472109510292
106.0,0.8084749750317652,1.5580193456276226,1.4370947750468421
107.0,0.8505892677563407,1.7866261333739069,1.7059044013341318
108.0,0.9383708562115044,1.4489968178660517,1.3215421346293574
109.0,1.0037809694467204,1.5460758692395127,1.7557191132159171
110.0,0.8601364985770863,1.4879383925247909,1.5096512193289835
111.0,1.0409788532025253,1.3593356317376706,1.5321445306988033
112.0,1.0681565705371445,1.4721391255091127,1.540399744760401
113.0,1.1247115723676064,1.6742797477731186,1.6093539761155287
114.0,1.1392193049811166,1.3220590853346141,1.3532355360429595
115.0,0.9874574891231593,1.4590588225368484,1.4928039189419875
116.0,0.8589588802228068,1.3288655943900323,1.3110169818304191
117.0,1.06860429482136,1.395922753832298,1.4478807208167561
118.0,0.8770134352275456,1.4807140269507753,1.441887822654495
119.0,0.9949754705491299,1.2850386101944087,1.420379765086111
120.0,0.9170529316927505,1.5045707347771462,1.467718903605349
121.0,0.8209280165523689,1.634537119372696,1.598718246397581
122.0,1.098109767844012,1.450195667964415,1.446378924975051
123.0,0.8481349034944997,1.8587713943758977,1.7398179152465902
124.0,0.9235704289236083,1.4663425044527583,1.44616820828823
125.0,0.9278770491056173,1.4868866959152585,1.6012647674340812
126.0,1.1013229665129967,1.4480383521606697,1.5599949932988395
127.0,1.0180331445310355,1.5972180229868507,1.6514627077924255
128.0,1.0443465306353543,1.610332456261501,1.5670682367966025
129.0,0.8549642095669568,1.576202202614353,1.5124516618468753
130.0,0.9164534853725691,1.659581979534287,1.4913746164546227
131.0,0.9879697069440522,1.4580863826877375,1.628675489505631
132.0,0.8927906617610913,1.3237605190924255,1.3906442222488584
133.0,0.9374654971729848,1.325410660193964,1.478360858500347
134.0,0.9390670819666643,1.3945809660578465,1.3811261457528423
135.0,0.8435105525535755,1.3562293502943903,1.448661503279206
136.0,0.9830118660587225,1.5003280913770392,1.5408856494915746
137.0,0.8812233245213121,1.5869110132659032,1.514001160683982
138.0,0.9219217704111528,1.638853590024363,1.537988262067944
139.0,0.8798757153568388,1.65943436252881,1.6048954088916525
140.0,0.8935203134530482,1.4795509070721904,1.4851022917633772
141.0,0.9401541036310853,1.704698589963962,1.5130756356863067
142.0,0.9506974334788525,1.7020022986391552,1.740330566336809
143.0,0.8585391318176615,1.6044457372974965,1.4913809074210143
144.0,1.1022837792759337,1.7344514560069808,1.6923532469159355
145.0,0.8883747731422581,1.573611336906654,1.5163593235940502
146.0,0.9639935060812309,1.5392229496305139,1.5446108625896195
147.0,0.8541376987794806,1.50868634003577,1.5312363169733825
148.0,0.8975486493210807,1.5132821170445352,1.4653919342939936
149.0,0.8385909258746416,1.4961868686470847,1.3649682277275894
150.0,0.8594269540299083,1.3634717897083963,1.4598387079660862
151.0,0.978702813634902,1.416258262276488,1.474691655829305
152.0,0.9321844396728212,1.420818591478823,1.3638971938580702
153.0,1.0076458844585394,1.3165613307581436,1.4176671786863961
154.0,0.8930688732049104,1.458609888107857,1.4021728999673426
155.0,0.9768019721538787,1.4296825709089567,1.633396118615511
156.0,0.8669477510869109,1.5216586272287023,1.533513192098909
157.0,0.9554829682331265,1.4098137949041865,1.5011321842548162
158.0,0.8459521359358931,1.3582515679176896,1.369167367489611
159.0,0.9034241097391544,1.328004104819882,1.350334714099457
160.0,0.8790383338558292,1.4649070473700219,1.4204000068988765
161.0,0.8638501166995582,1.5167336793658468,1.5099527752819264
162.0,0.8867945805461412,1.5016837800343894,1.4518930970105515
163.0,0.8049270814347733,1.3927927464782575,1.4225190085749135
164.0,0.7777042013623228,1.4462594235928588,1.3579348962014797
165.0,0.8864506183393156,1.399318359037824,1.3399778442353285
166.0,0.7589580142739275,1.3830351162993202,1.2132917298969395
167.0,0.9206783739144141,1.3172569609098275,1.277390457976369
168.0,0.8571686929786351,1.2896926482679507,1.2385209900297063
169.0,0.8869032443872662,1.3779047114641507,1.2809071020249272
170.0,0.884512338691177,1.3926148201220647,1.3124582685336066
171.0,0.8267431673047972,1.4282767843163924,1.3200684129146327
172.0,0.8155137639270564,1.4339045698022788,1.442334191788899
173.0,0.8495962522911551,1.4126887985773644,1.3370169236486518
174.0,0.7876067836415693,1.379045260066839,1.2639152888484675
175.0,0.8413309460292223,1.3164259901777147,1.4164064287555842
176.0,0.914923940600788,1.401946977398254,1.4055253412516038
177.0,0.8218970383002299,1.6240195557333108,1.5976449403869861
178.0,0.8046488724966885,1.8335930327667893,1.6311753688025565
179.0,0.9810513838753735,1.5749871635329564,1.545459302218372
180.0,0.9033737267041964,1.2902818302110721,1.2129175617815087
181.0,0.9418567579999619,1.4761381823593507,1.4023315292320242
182.0,0.9240972552271386,1.2385369177390302,1.2733195540289663
183.0,0.8793198468609463,1.3527485501216967,1.3151161340759119
184.0,0.8911806816566025,1.4141555037906097,1.4156603365454148
185.0,0.9176112695726215,1.4742102624070632,1.476180910676121
186.0,0.8696222200952709,1.511897750787316,1.5051294967399906
187.0,0.8893514904964469,1.5427470859691383,1.5897415932567143
188.0,0.8422482666960799,1.5085313913907887,1.4219686484888907
189.0,0.8596373305678464,1.2591132471486457,1.3366920766160622
190.0,0.9267066559464869,1.5369273954960914,1.555928059765465
191.0,0.8410287931949473,1.3293013247202465,1.4362939617293968
192.0,0.9785794304512028,1.3671933994240075,1.431786641964677
193.0,0.8392020251686089,1.2684801574970848,1.408408539495147
194.0,0.9677175964563467,1.2724091412393457,1.3868466045728582
195.0,0.9814937729061614,1.29725670616782,1.3047752059889604
196.0,0.9506129358058762,1.330446005270082,1.434171197971444
197.0,0.8898691673586429,1.396998343676157,1.382487667175895
198.0,0.8650882609985574,1.2868577568429043,1.4191151383446354
199.0,0.9475283933328665,1.4185675590827875,1.4800797863037207
200.0,0.9096532898298638,1.2046826031495514,1.3597594469243135
201.0,0.95082566549664,1.257732350837413,1.4074327305318877
202.0,1.0451399647639823,1.346873713917376,1.5999462600359642
203.0,0.8758064418503989,1.3152634619016077,1.47538185331042
204.0,1.0701193972130036,1.377332047013781,1.5241236184865474
205.0,0.9446877470707381,1.364575037786053,1.3978917812595653
206.0,1.027521889226457,1.3926453166862196,1.493211722251365
207.0,0.95987619245011,1.3295371434408343,1.6467892700956182
208.0,0.9033316009802217,1.1734456913303175,1.3872468662916522
209.0,0.933019839593683,1.2688606430874612,1.4758662658847188
210.0,0.980843940753304,1.368056341814538,1.4744370729752099
211.0,0.9250633216973311,1.3619671842997454,1.631521123320992
212.0,0.9457805748508944,1.3064247614474254,1.3926159930880149
213.0,1.0312523065220092,1.322247982898864,1.460983315259845
214.0,0.9426940972078904,1.352720615752375,1.3622714589379203
215.0,0.9035092446377367,1.4169321213979884,1.4535748670383193
216.0,1.036022784744418,1.1482220395545057,1.3237985405384385
217.0,0.9664408924968635,1.2683837016365558,1.3833567006880207
218.0,0.9755210034487812,1.3511974057119585,1.461447009419409
219.0,1.0157577098726815,1.3832131943193966,1.5850595426188832
220.0,0.9571212479262277,1.3289526839034362,1.516650669787287
221.0,0.8955950130795589,1.3400912214601646,1.4480925998103313
222.0,1.0258340971581015,1.2988399018463932,1.5311269224975166
223.0,0.9184206093177414,1.2696085124003567,1.3947548893118975
224.0,1.016488502239122,1.3508397422070402,1.355197806594219
225.0,0.8498389858656417,1.233303165200581,1.2255306277977416
226.0,0.9198045668615944,1.3242443773400707,1.2351785956408687
227.0,0.9850546708149466,1.1983677027387554,1.321674012104428
228.0,0.8392481025982578,1.4459098511821398,1.4998965858995155
229.0,0.9864246490859535,1.4492957868653218,1.365857340217807
230.0,0.9375816836395252,1.679538483956887,1.4625893306480895
231.0,1.0289230789746466,1.337729710727785,1.2796983810193723
232.0,1.0660728899392204,1.3487950152771198,1.4432659181994725
233.0,0.891823327176517,1.5425896844640403,1.4631697301991329
234.0,1.059599410589403,1.1513082168294877,1.2258384694724067
235.0,0.9711512549573748,1.4581207495188175,1.407481382686891
236.0,0.8904431402092778,1.4909606191841054,1.3835030658675989
237.0,1.0873810117945817,1.384285951312555,1.5320824839810216
238.0,0.8543726929532139,1.3535677386538747,1.399354225850909
239.0,0.9243840077241697,1.2725919955987997,1.374465223105178
240.0,1.0183130093566315,1.2884729438124336,1.2390238439618355
241.0,0.8702130527662043,1.345084220477936,1.4266945239672844
242.0,0.8957961137731306,1.5143994380504238,1.5884244120486901
243.0,1.0239230096597798,1.4438056533318553,1.4468322640557023
244.0,0.9057651451815716,1.4519557247734374,1.4498785408135804
245.0,0.9954858009617866,1.4839502968090275,1.3898255270039541
246.0,1.050951642975666,1.4976128074878465,1.4521448905297092
247.0,0.8909895458305185,1.402961950955562,1.4409209488632526
248.0,0.7624014724084508,1.6047809072589676,1.5347102188301915
249.0,1.0582509436290892,1.3143853152231613,1.3016944850125147
250.0,1.1552747401003411,1.342034412013227,1.4442798449813814
251.0,0.9782904204536762,1.4114167564295819,1.3644392478529197
252.0,1.0880600686884545,1.2919914412551934,1.4285443699209734
253.0,0.9734749471839897,1.437758995742152,1.4228577336501247
254.0,0.9246015440395942,1.1920206937657123,1.2770855535394223
255.0,0.9409610683088182,1.2237893514855935,1.2843207040625175
256.0,0.9265189697464464,1.0930667013785202,1.161932316851266
257.0,0.9598894418007163,1.1096738248443383,1.374220859493398
258.0,0.893056920293626,1.3050040013385544,1.4006002799142534
259.0,0.896967705388455,1.247574865312579,1.2945486698181832
260.0,1.0178133710102109,1.457382828108464,1.3983895678599183
261.0,0.8885280872282679,1.4150400783885904,1.3616741778913932
262.0,0.8409809464487734,1.2461765137499836,1.3207302147229902
263.0,0.9679382442315364,1.4354222140371355,1.452331090794411
264.0,0.9144198110995171,1.1542085679641432,1.272607981006063
265.0,0.9918919988370941,1.5152518110105646,1.5554424950727805
266.0,0.8887986319990349,1.4748307105835714,1.4618037733951115
267.0,1.0030525557888479,1.1988037451689801,1.2903945807356685
268.0,0.9552688202705423,1.1593501507711184,1.2368832264304663
269.0,0.912157082344219,1.2383867426047248,1.5121472051399405
270.0,0.9113925116916463,1.2166256885958573,1.3581276392455548
271.0,1.0306990123608153,1.504750730659379,1.531451245787325
272.0,1.053329209641566,1.2838436576791628,1.4064801021072348
273.0,0.8796733839923705,1.2128693567901787,1.4725312374746184
274.0,0.8881934083396918,1.2247520286869544,1.3645106343390696
275.0,0.8035902157962128,1.1525372694344396,1.3307496663944993
276.0,0.996946034168961,1.0800107778506112,1.3978213229272751
277.0,0.900493958287786,1.1182307293525575,1.3850963208207399
278.0,0.9762488563276939,1.2368235737643436,1.3492752676303301
279.0,0.8965273599598259,1.3689835840145077,1.5853969501601737
280.0,0.9857332159266408,1.4356107573980723,1.6524276743576969
281.0,1.0144347064011323,1.2608293722509598,1.2937716633900185
282.0,0.9107544791751234,1.3025509239630382,1.6019631029159778
283.0,0.9888631425626564,1.126810323936628,1.382241747815276
284.0,1.0271240793100271,1.2759605232627378,1.579351977651949
285.0,1.0370353580947484,1.2475661697192535,1.6629544912193561
286.0,0.8138059145944603,1.2167721217752023,1.5425652450268343
287.0,0.966210820038358,1.194861275894156,1.5423399962927582
288.0,1.1197648317008113,1.117036892681101,1.4806934089586998
289.0,1.05300461648529,1.3923697306560134,1.5826797206740342
290.0,1.093902681839593,1.4844276356791322,1.6155718003109123
291.0,0.9788682009238817,1.2926689545973415,1.418399982031676
292.0,0.8744518661652627,1.2839371600639102,1.4510151011563746
293.0,1.0773928334132714,1.316220223165332,1.513385493976539
294.0,1.0364641659636393,1.2877691886684481,1.6159400030403894
295.0,0.8109876060468606,1.2951659806827205,1.3645279095758391
296.0,0.8023394070684418,1.3691829607315256,1.543675443964245
297.0,0.8483769100172809,1.3645731642544348,1.5442355211934917
298.0,0.9255346968502827,1.3651096249216161,1.4454204570491433
299.0,0.9590437011345869,1.2625292302045321,1.4035668531236951
300.0,1.1829942786981364,1.105587495513646,1.253923306554557
301.0,0.9954098903975828,1.3312708460080287,1.4626835277929815
302.0,1.1142514249054363,1.108334429569404,1.2739004971791588
303.0,0.8991890876027449,1.456103734925902,1.3807352096291274
304.0,0.9045259627188244,1.2023384380647275,1.3863422846764697
305.0,0.9602642261164696,1.2304201586675396,1.2343044593010424
306.0,0.8534993242214889,1.382220295083838,1.4120898961499622
307.0,0.8180542696357308,1.1879430420006747,1.2306740978987791
308.0,0.9864695830890554,1.2954978608834544,1.2923486826161332
309.0,0.8458952750222316,1.2284355706694068,1.306300017750202
310.0,0.8711877697332335,1.396009702801955,1.5288799537001225
311.0,0.8863113517940583,1.3490372991627755,1.4636280555207772
312.0,0.8567306459184888,1.2020791329606317,1.2528710473932967
313.0,0.9818527429069542,1.2225721588916265,1.2500236498742714
314.0,0.822411272448654,1.2864748009082991,1.2605020913989093
315.0,0.8440099277030626,1.145894391108058,1.2449038897583526
316.0,0.8543033265076682,1.333470959183217,1.317840408921628
317.0,0.9378698518541365,1.196900440745687,1.5249775158181293
318.0,0.9139968403976548,1.3091949345634606,1.6189032708323634
319.0,0.87379289156974,1.2987901410270104,1.3695361471431469
320.0,0.7705255023272141,1.3194449843130525,1.3004576117201114
321.0,1.0338118606070805,1.5073545097200265,1.5347434001691487
322.0,0.945545935436784,1.4378627995438311,1.761863253431033
323.0,0.7944862250973189,1.3308975654945008,1.4255719722356766
324.0,1.047017223906169,1.34793220782819,1.446727356509405
325.0,0.9927596086135757,1.3081663648789423,1.5397379548999088
326.0,0.9322346949153684,1.3796124115553539,1.574550678458955
327.0,0.9130041813144877,1.3405819535870442,1.4323584236349527
328.0,0.8270908337290964,1.435870120904756,1.4718567756482457
329.0,0.8595988183441908,1.2681772443303356,1.4022596947923853
330.0,0.9563179032739215,1.4981309047219717,1.6231570508722262
331.0,0.9066617093366426,1.2681957551399783,1.4455759490549227
332.0,0.9013524054506463,1.3580699030951484,1.3993210424007465
333.0,0.8339674569165783,1.3136918728165148,1.3259093327974993
334.0,0.8049144004730739,1.3248308373538493,1.4882744622739095
335.0,0.8158480693304987,1.491086414780648,1.5022172034356354
336.0,0.8335972351200925,1.3718405606256037,1.5256025871943273
337.0,0.9740477564675675,1.373939416451256,1.4178634032391322
338.0,0.903523135480187,1.1971563032931953,1.3053938311590165
339.0,0.8870486040124828,1.5477785770281327,1.70167259255632
340.0,0.8787826207258892,1.253072941209803,1.3003315083771643
341.0,0.8205287792234375,1.4877238784144042,1.4699031309729076
342.0,0.8395967835440441,1.3893046262965512,1.6101550547774561
343.0,0.8109875098290474,1.5147644682487869,1.6238687995776189
344.0,0.8892747466502257,1.389186296416525,1.57627899764176
345.0,0.8846975098942045,1.3590921196277654,1.4958822025647076
346.0,0.9594262544638462,1.3276450984102954,1.432186963814244
347.0,0.9586785942502781,1.284445631949297,1.4536283482726253
348.0,0.9968622462075233,1.213297004890789,1.5080669641073816
349.0,0.9074953903040975,1.443846900745768,1.7565589987778125
350.0,0.7714516660555926,1.2985845848170892,1.385262300583476
351.0,1.0559093673266595,1.2256056466569307,1.4766156451470167
352.0,0.9926287322598832,1.3464069113340122,1.4838063724335528
353.0,1.126301617594713,1.2819537254454256,1.871316091641884
354.0,0.9905518919320109,1.2254786045478332,1.6850626676298677
355.0,1.0974167309753426,1.3202234481936146,1.6990185089964724
356.0,0.9451453214676556,1.2193440904991484,1.566165911453962
357.0,0.9053660530189341,1.2520825458001372,1.5300971935013588
358.0,1.0002867879734436,1.1288406875768582,1.4040853225517966
359.0,0.8992537390499742,1.3320628407528479,1.7575730960905502
360.0,0.8974495666796952,1.2261077044940993,1.297617501942785
361.0,1.0191610537099207,1.2969557964300609,1.6122670129704948
362.0,1.020337104168442,1.262359465481334,1.4010350999132608
363.0,1.0442088210196596,1.1846379466462327,1.1877814478771185
364.0,0.9241024678818187,1.3384773512992831,1.3590118729642076
365.0,0.8613064281323629,1.294916795753917,1.3566196026007797
366.0,0.8492275269652955,1.3930166474922479,1.3159217949682127
367.0,0.9031149488197654,1.4690313604084608,1.9179289592153128
368.0,0.8595332170980245,1.3175242037978852,1.4634860837429329
369.0,0.994445754714083,1.2830209724816009,1.5467780630770733
370.0,0.8796947337187718,1.4903967725890286,1.4980458685048237
371.0,0.9399280206224305,1.4043062680136582,1.3966895697866875
372.0,0.8110473137085342,1.4559258353057984,1.585046548164174
373.0,0.7782357208434899,1.601848108818279,1.5489447237955853
374.0,0.7199466302400556,1.4487556075572938,1.7424401497287272
375.0,0.9396125286902829,1.463758080920838,1.623695006297915
376.0,0.8257438951245749,1.453951678544423,1.4574102167485092
377.0,0.8336463670441365,1.6409619781222344,1.4903738411764036
378.0,0.921985261137294,1.5296133995889927,1.5698812834417546
379.0,0.8982888318913493,1.5151595349152553,1.494043949112988
380.0,0.8657821587691371,1.6315081237888875,1.5932475971975906
381.0,0.8800912841775962,1.4867172969134528,1.4973982905505607
382.0,0.8171338021884614,1.6324150667476494,1.4378237801351188
383.0,1.0356004293406533,1.466506580892717,1.4853784808317352
384.0,0.9031386788318634,1.4143782484857228,1.480129485462175
385.0,1.0226877121644964,1.7291851391070878,1.7072818395405485
386.0,0.8827114373799663,1.4708612063471687,1.4508280258448598
387.0,0.9453772732755167,1.4505853717515458,1.395118400473031
388.0,0.882754979787008,1.2799167013680008,1.386845389969115
389.0,0.9204913756819947,1.3839317722270421,1.2859015221882104
390.0,0.8569339343841602,1.4093831853012224,1.278904351144118
391.0,0.9082776830697936,1.5585901763163394,1.4619924571361926
392.0,0.8694734126727011,1.4595379656892769,1.3767361628296015
393.0,0.8402275822818623,1.2282924188299662,1.368574988399094
394.0,0.9607390410680903,1.362717624651429,1.615279258897587
395.0,0.7903762913754713,1.335295523671927,1.7042556168260947
396.0,0.8794218161842712,1.251006777222254,1.3899447225147148
397.0,0.8663558088038709,1.3738935230370704,1.6050134247814163
398.0,0.9170383506300427,1.4324749144095412,1.5696378481966415
399.0,0.8227013670806753,1.3892347780860204,1.4701083334207419
400.0,0.8707539060510909,1.345655375681256,1.4468287802955242
401.0,0.9674237403503543,1.2520060587882218,1.4363806800779242
402.0,0.8986945725616872,1.3541748112781726,1.4208736911858322
403.0,0.8359974687215566,1.2590460192248802,1.3832134594630623
404.0,0.9015872232532058,1.3432606173257027,1.6136713928560025
405.0,0.8136190823635403,1.4440980849435616,1.6458555806335071
406.0,0.8096678258698696,1.6936401674890895,1.6576590712054338
407.0,0.9537503730476526,1.3741930775473135,1.4296510832500062
408.0,0.8861974268904711,1.1407275823756966,1.3499794750023166
409.0,0.9480132675093564,1.2591520204552387,1.4867537139339064
410.0,0.9572865050676119,1.1880383775605292,1.4078819309407946
411.0,0.925823983035477,1.2842276344466825,1.4539340715007798
412.0,0.8529502610733034,1.3564413494146903,1.388151233552857
413.0,1.0175861845953131,1.2851827695235598,1.3313401342632476
414.0,0.886942352670739,1.2519592746608659,1.3493273792056395
415.0,0.9421018800601108,1.3323288863192746,1.502172624023778
416.0,0.993210049866577,1.3106520271168927,1.5321532103845092
417.0,0.9101996443919101,1.2565722997093256,1.4466240743411751
418.0,0.7967568349960231,1.3847575137307104,1.540895279288008
419.0,0.8461157251010352,1.4542157459650509,1.3944757292380092
420.0,0.8913670899448513,1.2601763101776684,1.4037882526127055
421.0,1.1177155728883041,1.390803000760947,1.8784227483504068
422.0,0.948366256305326,1.3237733870823576,1.5580002354086329
423.0,0.8828613940680263,1.320498046336894,1.4145079047397113
424.0,0.869839194608285,1.2291496428141517,1.32231708452249
425.0,0.9234261385217946,1.3783057884856214,1.695650189148247
426.0,0.9680379723773154,1.3278150144693934,1.6561190059443325
427.0,1.0310918770753372,1.4390753690182023,1.5925800894147326
428.0,0.9143734830994165,1.5154249652284328,1.5644091915082625
429.0,1.2024237927590977,1.467427618201037,1.6190577410565854
430.0,1.1426878278125618,1.2961929973470707,1.4883565811578219
431.0,1.0906546137174955,1.4591525258777247,1.594336073291426
432.0,1.0379391863595746,1.3840653803721639,1.415065385255304
433.0,1.0667226116354815,1.2808824211693242,1.3977263828955289
434.0,1.0200091625399843,1.4014798957616819,1.3720787986674872
435.0,0.9642938193716953,1.310796903624364,1.3617789345065754
436.0,1.0429211548065387,1.6332671994192114,1.6488206495597264
437.0,0.8870171098397814,1.5156851439258294,1.4248085953282774
438.0,0.9892627588661396,1.4405547968682357,1.7370323202403881
439.0,1.075665572160106,1.5916116122688808,1.5918547926688722
440.0,0.8905468456085291,1.4761091472897412,1.424965656080626
441.0,0.9092023946990084,1.57450300690053,1.5041162799424828
442.0,0.8418208252788101,1.3212435319012112,1.402391051887062
443.0,0.8123408133705232,1.3407308888586351,1.4465644613349289
444.0,0.8763095721720514,1.3682577435982965,1.5330894055840234
445.0,0.896820105740746,1.3078866269410467,1.7159186926937577
446.0,0.8235020998891234,1.3615122656462846,1.4882175945977865
447.0,0.8483596945812482,1.2400422971795961,1.3461763048223523
448.0,0.9222332109544911,1.3059586039828734,1.7510489686723307
449.0,0.8447618436499004,1.3153554032001276,1.5321434287170719
450.0,0.8431299697549709,1.4849065652198083,1.5177915673860745
451.0,0.9014623239422258,1.2300652876521978,1.518292253738447
452.0,0.8404953101459053,1.3152578456512833,1.6080742177128027
453.0,0.7673934992026297,1.1911029406825222,1.251899588795686
454.0,0.8643338351437548,1.3251247394209396,1.3907534990927277
455.0,1.0131519882164157,1.2735014686771222,1.472297114014777
456.0,0.8525274743422171,1.359731188016869,1.5107778754016847
457.0,0.8088426205046919,1.3184110157103508,1.5139171981012274
458.0,0.874300974725703,1.4212395837333445,1.6331216748084703
459.0,0.921389459025637,1.2267918803467104,1.3334201813915716
460.0,0.815483613830654,1.3322036085061943,1.4918323149465398
461.0,0.8141261755130945,1.3756074146477364,1.4302680541209534
462.0,0.7522503416184603,1.331085875131175,1.5098373840495964
463.0,0.8910526058729561,1.405623695987703,1.494029512479798
464.0,0.8389224482857844,1.2487431533850135,1.4666637540835876
465.0,0.7684086881786569,1.393670338968889,1.293221320260183
466.0,0.8736501807597237,1.3369170116570408,1.3186238202334752
467.0,0.8945248505939308,1.4454997930869373,1.5501346353763492
468.0,0.9340671264603839,1.3579047977857905,1.4394596587124788
469.0,0.8777283434063858,1.2993597045318628,1.4316486488378635
470.0,0.9429408752508844,1.2893577376390866,1.3099271216359232
471.0,0.8284950201112127,1.4152888867637925,1.534763236712196
472.0,0.9217798129680096,1.4098237548911465,1.6623195776896507
473.0,0.9463583897163452,1.315896066667394,1.5367541885962495
474.0,0.8638149601894146,1.4930472243466817,1.6874503263453509
475.0,0.8410332114945075,1.2613661652986514,1.333844836925234
476.0,0.9039483407984845,1.3549624102628037,1.6327056900362114
477.0,0.8790464033644505,1.3506496470289875,1.4528082761348986
478.0,0.8059964471642109,1.3656303966338663,1.4888099767889367
479.0,1.0898549380326863,1.3388818032170777,1.4785656595827672
480.0,0.8564827485000915,1.269433846214599,1.5293458050275788
481.0,0.8700980374818494,1.3462218231992082,1.6127467671776199
482.0,0.8714134272369946,1.2358240466167334,1.39874746599026
483.0,0.8569861606510111,1.239299935792227,1.6475222566047847
484.0,0.8529914061814746,1.4656520678660139,1.6336723162626534
485.0,0.8073255113148748,1.158734974175876,1.2966945034534894
486.0,0.9190119850642663,1.488492062726529,1.4952139351327018
487.0,0.8938088497477622,1.4522446684570867,1.5245471022810535
488.0,0.8435541337079704,1.2655133743011973,1.451468323348565
489.0,0.9414934670712364,1.2978777818638239,1.4180668653232749
490.0,0.9125453292597482,1.3564087024441454,1.4176475333084566
491.0,1.0161444674853939,1.1276931471948604,1.2487303137865668
492.0,0.9741672161175026,1.494484128526706,1.5468033718225036
493.0,0.939967771422198,1.1233417451599534,1.2456930736348137
494.0,0.8803037420637405,1.3320575618368282,1.396972017280513
495.0,0.9768082171006072,1.3552836699941977,1.5086209827118182
496.0,0.9303309864305176,1.3907798846387152,1.5394051735287506
497.0,0.8315719426049432,1.204118769556593,1.1838744650676554
498.0,0.9856086644063492,1.2052797740448582,1.2865729900754905
499.0,0.9397984963574605,1.4025681779866324,1.4636082800120276
500.0,0.908146737706565,1.504403453669648,1.6285014174083
501.0,0.880733100092423,1.316276476761582,1.4850341544042405
502.0,0.7482763278713305,1.3052097477117612,1.3738062141612797
503.0,0.9135714053372752,1.40865579003936,1.526491001976587
504.0,0.9241223612771348,1.367818483050968,1.6306702077823223
505.0,0.8503551025772366,1.0676293776846941,1.200230500864583
506.0,0.8790724044342321,1.6030353384478078,1.7391748366507505
507.0,0.8026804930888131,1.2505059510084195,1.2308165208649064
508.0,0.8529062403214894,1.2007626839657746,1.3322461880809735
509.0,0.8869804600899267,1.3995458205175475,1.4642200443703255
510.0,0.9362600762383666,1.1685298977125607,1.4948514649672395
511.0,0.8531445305443617,1.4165220663958191,1.3745275989968255
512.0,0.9851903420585224,1.4463129889817143,1.4449353119919128
513.0,0.8315554918145618,1.3086140669945403,1.4230915801847221
514.0,0.9956784124718487,1.3278327275468187,1.721899844768224
515.0,1.0881704295748613,1.4561588718837208,1.6369003410438556
516.0,0.8782990037740476,1.3058393513631106,1.3926865311959746
517.0,0.7878392465393014,1.2341109248879223,1.2670845454815811
518.0,0.8762858087474912,1.2007786101533136,1.3626838698182855
519.0,0.9006907491590308,1.3566003573855168,1.3347332748636636
520.0,0.9113464339195596,1.2633138204722374,1.501996008534547
521.0,1.008995926691929,1.323311369138356,1.6220913654295914
522.0,1.010140458724629,1.1126161229821019,1.4068260268669803
523.0,0.8323945002172601,1.1899453388882115,1.353693093719075
524.0,0.8767011527659114,1.3113670769971226,1.4046247565993983
525.0,0.928956656277637,1.3638405731769168,1.4590111413882638
526.0,0.955703032712164,1.4021269593837615,1.4337547118459062
527.0,0.9448436644489865,1.2517258942757792,1.365460693704182
528.0,0.9323829552842263,1.2840355556161323,1.3909320684404258
529.0,0.9927319508998621,1.3376838859654743,1.5452231627310637
530.0,0.7940906652869817,1.274415389767892,1.440155265924431
531.0,0.9004012373763617,1.3906767888018854,1.626473287810433
532.0,0.9610966673673225,1.343346375678965,1.4917457502619373
533.0,0.8252207336813693,1.490135263272342,1.5495052721051907
534.0,0.8969118361824124,1.370712055261551,1.5700651989783032
535.0,0.8427362554751989,1.3841845589152886,1.6318671817986368
536.0,1.0044434280365016,1.2627200701544647,1.9124374268937974
537.0,0.840588305008933,1.213963800137587,1.3092947651842375
538.0,0.837201838428425,1.2793106714082128,1.4234715727849263
539.0,0.8795441461131783,1.4247967739453886,1.6636253418531133
540.0,0.9437553837736422,1.326970147136098,1.4197611097022813
541.0,0.911300142452153,1.2520495621644008,1.399787077682992
542.0,0.828354230752129,1.2866414769447103,1.3936886488239557
543.0,0.938236671775736,1.2222918926092123,1.7534367694214326
544.0,0.8717888364623586,1.1215119537672218,1.5440834212150967
545.0,0.923089410655529,1.4337727158067874,1.5893903523701705
546.0,0.8979753132195828,1.2430687011440036,1.4013503982714366
547.0,0.9139243679422102,1.216943209865643,1.418661521030305
548.0,0.7603513552731939,1.3210469001357434,1.3973211895201492
549.0,0.9755026558076823,1.2634402953032355,1.4164135902389705
550.0,0.8518456582795748,1.3192933211181122,1.4233723602720432
551.0,0.90090822239896,1.3329688921290659,1.605846720354761
552.0,0.8850051064018809,1.4717033879404142,1.5640344021161736
553.0,0.916386626511423,1.3161100054626433,1.4717907546984565
554.0,0.9700990941459883,1.305992449241661,1.413587003428716
555.0,0.8686188681547194,1.3225426551016872,1.51169172463189
556.0,0.8729778578609619,1.1920031891920033,1.2588055788453647
557.0,0.9410357355159991,1.2617411653040875,1.4457061826213256
558.0,0.9902043750718484,1.254622965310341,1.4430913544939752
559.0,0.8812356178235111,1.4642099880178052,1.4850293302334172
560.0,0.9937228022454306,1.448294162530367,1.5814946461935593
561.0,0.9609756425889644,1.3617875625984504,1.4887929418313282
562.0,0.9053785914971613,1.3854464416767223,1.3841719345253007
563.0,1.0235411332149447,1.3483814217998369,1.7348751635895292
564.0,1.0361741560777689,1.476599623817077,1.42232566536336
565.0,0.8863499464071246,1.3455167847927476,1.395743400652036
566.0,1.003096833331917,1.2494607470012937,1.408815633238802
567.0,1.070966284181723,1.2437387868922427,1.5760754569310589
568.0,0.9714768970628891,1.3793949070933655,1.4828743161835602
569.0,1.0459382607084564,1.450218613123566,1.6259960809482596
570.0,0.9303239441412254,1.4010437337995696,1.5442594961946305
571.0,1.0283624442927672,1.2311393960409251,1.347808858404773
572.0,1.0842937592418724,1.2690004858782367,1.5229461253884826
573.0,1.032455921619541,1.364548967051415,1.4298804814324737
574.0,0.8320122031583432,1.1440414961671348,1.2427410485358115
575.0,0.996777385781887,1.2430165458517823,1.3759723182085093
576.0,0.9686724283727107,1.1963055204306645,1.4555493885124378
577.0,1.047131434487046,1.275500318602233,1.4235170361494436
578.0,0.9807848203438325,1.4377316076389652,1.5894696100692722
579.0,1.0763681994477765,1.3084600218580777,1.5759004145951874
580.0,0.991154393568811,1.3825862633852648,1.6145968971928824
581.0,1.0881497289456339,1.4125702430055562,1.5352808207588937
582.0,1.0529254782736843,1.2524748218762112,1.5244029205041905
583.0,0.973887568081045,1.485065245705576,1.6075579960516555
584.0,0.8946077411233144,1.2219353153876868,1.2575423799039671
585.0,0.8616964566558821,1.34785298694001,1.348024649573447
586.0,1.0592816810718215,1.549944160890845,1.6315181522321949
587.0,0.8619138209079766,1.4015087009432539,1.492221136537039
588.0,0.9720828412766972,1.2544532740026093,1.4570836943686212
589.0,1.0157603627336926,1.6010165834827499,1.4878149673620167
590.0,1.0088958289816683,1.1823995803198373,1.1916233608915197
591.0,0.8692049630224642,1.5030278068637084,1.404964423459605
592.0,0.871241586988506,1.4212216509628908,1.3650357576861243
593.0,0.9888649123439567,1.8165412341516127,1.696954033084846
594.0,0.9440432730148369,1.3379504809869902,1.4239735330874541
595.0,0.8816389999676939,1.3024000780892138,1.4149516932056028
596.0,0.8974247898335888,1.3684264684919196,1.4429921804914738
597.0,1.0513378435383434,1.41013070649829,1.4844451705530153
598.0,0.8582242832840635,1.5402310761003184,1.4887531883041072
599.0,0.9046102420435795,1.3271395728477071,1.4060018249004977
600.0,0.8431581773349236,1.3046744918555175,1.31529438763117
601.0,0.9668354863143536,1.2705911507284833,1.4730866288746083
602.0,0.9942278754715511,1.4047886624045502,1.42689651901352
603.0,0.9465015422010532,1.3720834350900704,1.4651856763619642
604.0,1.0392909385394709,1.4466025754254979,1.5140804033944784
605.0,1.0785000912228748,1.303669974651984,1.4575436278758733
606.0,1.0104129715091075,1.770134123752798,1.6627248193795512
607.0,1.0065527326901191,1.3915791391971295,1.5545854109144537
608.0,0.9056579586573893,1.4315963532354081,1.5024683774583794
609.0,1.0618233806488206,1.3773426633980699,1.503527569290632
610.0,1.0316993471047495,1.3695189256876434,1.465851095369225
611.0,1.1220072745121559,1.2898133930865057,1.6273724072049292
612.0,1.1429692098049355,1.2694947168906272,1.5024666023053066
613.0,0.9721484078385746,1.358987809094606,1.3611405794853673
614.0,1.0216358897885152,1.2336499012834305,1.3466841644013516
615.0,1.2202817540915523,1.4427045223176955,1.7987919568404578
616.0,0.9749640827972658,1.4049016182820995,1.5617125233038747
617.0,1.023343167819754,1.2817381860096384,1.5717829837679143
618.0,0.9326384840071996,1.3195618395855542,1.5056715944824506
619.0,0.9112552494013804,1.3192375610571507,1.4663765553978922
620.0,0.9270980068013955,1.4079529746523831,1.5426266810495626
621.0,0.893552745502042,1.1840157760185406,1.360653081109646
622.0,0.8725070928304423,1.3093127026869316,1.4176849854646087
623.0,0.9126560216210132,1.2135969960233706,1.3734546383291715
624.0,1.064344603647557,1.247567659107656,1.4452970098846156
625.0,1.0914897142300128,1.5070578557859873,1.58316785161897
626.0,0.8913815601496046,1.5140600767486223,1.571333875723332
627.0,0.9783686760588368,1.282144149664809,1.5726872752311574
628.0,0.9092774425404504,1.3746959595849322,1.542267872891632
629.0,0.9036623220426518,1.4104748456673135,1.5428011428825128
630.0,0.9757122149434025,1.2443982342652038,1.4448719193124366
631.0,0.8213184749997341,1.3060174103558408,1.4493748143621863
632.0,0.8772314614707465,1.4180520844789306,1.4799425866397635
633.0,1.0042305659007376,1.3161250396663373,1.47322076831895
634.0,0.8828713318048215,1.3844734822332927,1.4082944889952254
635.0,0.9850544084790652,1.3869924785435872,1.4116978591881533
636.0,1.062491675747036,1.2771699421024725,1.3983500347697466
637.0,1.0666213529624842,1.3234961038902568,1.414514990179899
638.0,1.0357488377599389,1.428297039998787,1.4535424116578906
639.0,0.8320268336113568,1.2344234582721567,1.2321891673795295
640.0,0.8942482983014746,1.199442763391528,1.2939039919522302
641.0,1.0643132228068528,1.2202720260869864,1.4181993041758956
642.0,0.9470124029440701,1.2504212441718403,1.400026949154571
643.0,0.9229756955933911,1.2785889311155618,1.2580950107754116
644.0,0.8782718076548165,1.2952892635591338,1.530550425717559
645.0,1.0513176446418957,1.1297917006731766,1.3004305424800509
646.0,1.009396883722814,1.333669428782806,1.4433776268624805
647.0,0.884865679989251,1.215347256646384,1.3162352564968023
648.0,0.893756545246761,1.187111110805215,1.278945440795312
649.0,0.8686343765627019,1.4340421635535552,1.479523110673123
650.0,0.8500955568901253,1.469076387045864,1.5335108110675413
651.0,0.8641485656396992,1.5003333463169584,1.4852485619731526
652.0,0.8958133533444606,1.3678210548157448,1.447025061329115
653.0,0.9886990247648176,1.241625789384232,1.427232839843689
654.0,0.8696386572590958,1.4702469591697929,1.4042612267779258
655.0,0.9736748228701078,1.3991447983942553,1.531152268176347
656.0,0.8900914093317219,1.374251346528043,1.4920170426679122
657.0,0.8949348793376982,1.3164469043341167,1.422762111715909
658.0,0.9101850135993113,1.3334585240013568,1.2916976886977223
659.0,0.9652271575656125,1.4539996645282325,1.4596584774602
660.0,0.9676371866046812,1.3254851371487733,1.4270673045465758
661.0,0.9065828178255506,1.3429242941588166,1.399595215091101
662.0,0.9546105629110105,1.3651167371391442,1.582637322169466
663.0,1.049983580921705,1.2685978636467015,1.5180064241923474
664.0,0.9554616699820931,1.305433613868815,1.2784080800561344
665.0,0.8746473007075971,1.3131330315140939,1.3145269917757099
666.0,0.8158669483677178,1.3269797489911115,1.2879723067004147
667.0,1.0088868547826102,1.4284548191576583,1.4964507212661944
668.0,0.951001547259056,1.3812448218485562,1.6368528107003788
669.0,1.0227368138999609,1.2000618171298332,1.324103853083471
670.0,0.9098948348225196,1.2902997291448584,1.4397136863581415
671.0,0.9324595501993879,1.2301510207957513,1.3249566915858055
672.0,0.9764319124414709,1.1047921208685667,1.3785629067407927
673.0,0.9432634932588896,1.2804929570461543,1.5830377177425756
674.0,1.0621980777796953,1.2736745085992733,1.5234223856374962
675.0,0.9761441836760051,1.2907872111715188,1.47315023604282
676.0,0.8738671884697782,1.3579298462718281,1.484476300023536
677.0,0.8791575338938886,1.4150486003986409,1.6687770092963667
678.0,0.869099063566381,1.3359496873837684,1.3223453533619582
679.0,0.9732747731904865,1.4285870497442512,1.3211997292522153
680.0,0.9500892930413427,1.3325053418550201,1.2542627609175545
681.0,0.9777134423934215,1.2169244486274258,1.3443141874138127
682.0,0.9818587214704626,1.4328977842458783,1.3657007755391726
683.0,0.9729745281443718,1.3067413435492192,1.4087452486341494
684.0,0.8783943647765057,1.3355554369409548,1.5500497834154054
685.0,0.9607268067588688,1.4653765584791865,1.3660057728400752
686.0,0.934801875376714,1.3675796047538697,1.350917851830106
687.0,0.8899875175413974,1.4598079933479218,1.337849515457625
688.0,1.0104571383181327,1.464345197175304,1.4740921560521694
689.0,1.3511348060663737,1.3664203233799084,1.604766697633399
690.0,0.9930448558205865,1.3272555234468857,1.4350378755438586
691.0,0.9275028837762922,1.4447076254261921,1.6658385795821467
692.0,0.8528656834487961,1.2752796324436828,1.2765578974828087
693.0,1.0267603769646916,1.3834796735649864,1.7045147661221063
694.0,0.973271276025206,1.3564889835080398,1.405536901966838
695.0,0.9523873479007191,1.4148489156660442,1.7855727939550248
696.0,0.8699087408999698,1.3514626240493433,1.31127272367026
697.0,1.076075656904721,1.4781899859370644,1.571278614746685
698.0,0.87900885429985,1.3260324860013764,1.2727540441067187
699.0,0.8524956827014187,1.4375085921984645,1.3764233165403987
700.0,0.9085636860280271,1.3885259345882919,1.3013499941824682
701.0,0.8206368112544192,1.2577279949761215,1.2246119297771882
702.0,0.920914219926069,1.3033760406971384,1.3245454171121922
703.0,0.8184361748157081,1.3005984416415703,1.182802390755114
704.0,0.855213367188382,1.3585348897702922,1.264215107482363
705.0,0.8890884921556825,1.2132980791213448,1.3273006398998008
706.0,0.9265072435970995,1.3824877275116585,1.4194089534116103
707.0,1.0187990799505529,1.2927543118087208,1.482913049480801
708.0,0.8110144797553687,1.261980849824453,1.3194035227702778
709.0,0.8796607512649703,1.4197330241338357,1.4621466415692204
710.0,0.9323718800833247,1.4734308417197606,1.435816984416615
711.0,0.9228052056733768,1.4635774238521526,1.3641376541898378
712.0,1.0242598904672604,1.4872698759031708,1.557431355680948
713.0,0.83522156680614,1.382751027869134,1.3016977145340167
714.0,0.9155557344294676,1.38610658030325,1.3260093488059812
715.0,1.0586573523647957,1.501289116110851,1.4717886860758833
716.0,0.9796228865750207,1.4476808799226517,1.4024155089965213
717.0,0.9702225733299108,1.4192877246945477,1.4090365538837826
718.0,1.0981271710839264,1.4046669449012912,1.5553329815303412
719.0,1.0023692361669143,1.3176062179696972,1.6410294599883852
720.0,0.932634914706651,1.3530295820308478,1.5146798076520462
721.0,0.9268045095800947,1.4382639729073579,1.5459287239976893
722.0,1.0340436048375785,1.3377124630115824,1.7336431804043069
723.0,1.1497396167353162,1.2363541567498066,1.4844313590235065
724.0,0.9121132326887734,1.390064634331555,1.4278266678893505
725.0,1.0042092097948905,1.3911203165218406,1.5223455263967656
726.0,1.0621121120202883,1.3173549582708066,1.6920065511040223
727.0,1.0571137038607634,1.2383901223095086,1.4534047111683372
728.0,0.9671339909675504,1.3304004953807687,1.528729806561524
729.0,0.9351561390267037,1.5128205853247016,1.4857500239212142
730.0,1.0171129038544393,1.418183367189671,1.6572264943292008
731.0,0.9642187234791324,1.3912311837535227,1.5668336345753517
732.0,0.9140529253658171,1.1691655519375008,1.318457141442178
733.0,0.8828272618473839,1.2869876329431236,1.2577238831551354
734.0,0.9873746692493427,1.4343875928866165,1.5482393532777083
735.0,0.9128976138628319,1.3566263417691602,1.395690288071531
736.0,1.111005896494366,1.2068173989438513,1.4745650559538814
737.0,1.0242280855603776,1.286097208500458,1.434651747970812
738.0,0.9002415383427,1.1776545082140035,1.1465312496050661
739.0,1.0523475419264225,1.4472741971293552,1.6165450572883813
740.0,0.950265257666914,1.4103862351500815,1.3611107111669765
741.0,0.9948670244849582,1.2934948893299658,1.2884932734479735
742.0,0.8901696249025913,1.6333194182391677,1.6352720542229213
743.0,1.017585393212903,1.4296547695748996,1.6791109241995752
744.0,1.0473091081419486,1.3018190268483254,1.5563554607346604
745.0,0.9690224633589924,1.2949681425043047,1.3919606565581248
746.0,0.8002554061736357,1.3504078774974382,1.3519980299095697
747.0,0.8908592057054637,1.2777569448790005,1.435059844911202
748.0,0.9133842431475611,1.2515593174956785,1.408266312915681
749.0,0.9192665818702791,1.2734034206227414,1.617998634945796
750.0,0.8847583315085286,1.4346760263288871,1.6203152786943975
751.0,0.9047321366238058,1.2407683688783413,1.519071932653178
752.0,0.881615533858713,1.3407768814043899,1.5995716507109334
753.0,0.9032907919208445,1.399543522086387,1.7618824093270429
754.0,0.9815524815232151,1.3289362684034496,1.7522322340929766
755.0,0.839904710992791,1.4296389155653084,1.545405078592148
756.0,0.8072055296475109,1.384812660317834,1.453238395994215
757.0,0.7900922906542012,1.509857564119136,1.501116185421932
758.0,0.8521585436138562,1.2323218681556767,1.6362574032107873
759.0,0.7529120446608623,1.2294108155071932,1.370054225219842
760.0,0.8936464742354363,1.4178691637058365,1.5240773247538775
761.0,0.8691169237237749,1.1996524580800811,1.442688628470786
762.0,0.8433763864128577,1.3529172332446455,1.4033334701500726
763.0,0.8963691551711647,1.2462435230435542,1.3315271293892494
764.0,1.0160323886057638,1.4087040559782968,1.59381352012859
765.0,0.86419112475289,1.441713255805669,1.5044716669443519
766.0,0.8128824494838671,1.4527950814918829,1.4260796872016672
767.0,0.8985226605744044,1.2836741036171508,1.3419032903254215
768.0,0.8867909200106626,1.3160873302399814,1.436677065216713
769.0,0.9121679305822945,1.2649666031948055,1.644262948371983
770.0,1.1030768760723282,1.4278483631092276,1.5612603089650574
771.0,0.8896630572415343,1.3445982637792921,1.471068835439564
772.0,0.938401013225608,1.2710579170692624,1.4058813583296315
773.0,1.0381382239108015,1.2610180236941018,1.5733445619850452
774.0,0.9434669466794964,1.336540415278422,1.4019912071332028
775.0,1.031792001796585,1.434157348935751,1.493516769887607
776.0,0.9305540614772716,1.3700503157485573,1.4633373687875488
777.0,1.0024616335981555,1.3013443015635402,1.6468706031701432
778.0,0.910093273838272,1.298950537739361,1.378895397556042
779.0,0.9887000440754947,1.3192050544086638,1.4408116590953985
780.0,0.862699114933564,1.2039130399301716,1.195318010574907
781.0,0.8148589400686737,1.316025776931715,1.2808116681744175
782.0,0.9186466806045629,1.251600222532003,1.345584264970381
783.0,0.9571928999499145,1.325047143601864,1.401212325077525
784.0,1.032053038291403,1.3115902708955445,1.464376036584384
785.0,0.8605906253004257,1.1717279705552477,1.3243961053729023
786.0,0.8405955012450892,1.2270222605036205,1.2366557795951731
787.0,0.8339116456353621,1.2140106984700259,1.2609212830173386
788.0,1.1483896416016868,1.303155039618881,1.6218147382894583
789.0,1.2817611639103592,1.383678674674102,1.7054619185896476
790.0,1.0833979998338852,1.2087685785696123,1.5708612138152134
791.0,0.9769900789562632,1.1910894236416953,1.2807085629292845
792.0,0.895473338153241,1.411572885722484,1.4890746873868321
793.0,1.0996435580787405,1.2928684777836525,1.6318865539110166
794.0,0.9400468588483624,1.3090423450265314,1.5027879695854447
795.0,0.8881590162615461,1.247434954852598,1.7207194214843637
796.0,0.9394465798071969,1.289642255312809,1.3566447422833574
797.0,0.8865662717752872,1.1598243271555324,1.4869778213978764
798.0,0.8846198348894548,1.2398797260589929,1.3228329886388295
799.0,0.888379255158063,1.3320756292985827,1.6677570243850752
800.0,0.9342962329645914,0.9955321228076301,1.275714685144104
801.0,0.9308311653969884,1.3542474696392004,1.6465067323345275
802.0,0.7991009871472631,1.3537483502440368,1.696439333331442
803.0,0.9315736690910579,1.2713254995274592,1.4556930330065352
804.0,0.9306366649837445,1.202101722366719,1.6229542951949887
805.0,0.911203708638456,1.1787834407865183,1.4734791931295084
806.0,0.9324585815650034,1.3549015138286156,1.6191115754556913
807.0,0.9182806819353497,1.3092772826381711,1.4260231169814908
808.0,0.8511908537659224,1.2307137361527043,1.2590853889778126
809.0,0.9606856628717153,1.203033514407217,1.3774209369318837
810.0,0.7829370574612209,1.2223569145782731,1.3281223457506812
811.0,0.9647132593676077,1.2671758606586228,1.4160319358867175
812.0,1.0961334415942816,1.3231903292029934,1.7474597161738357
813.0,0.8353858648839687,1.232591373302344,1.4295331484560538
814.0,0.9599286858020425,1.3605812537201494,1.834547138292906
815.0,0.9700894246158249,1.3546779618798492,1.535881631965865
816.0,0.8601572616098752,1.445112387500683,1.5847205795278605
817.0,0.8645986895730625,1.2373597605243187,1.4329026143379424
818.0,1.0011981504757195,1.4137550426605887,1.5163832497034735
819.0,0.9956656666870887,1.347146121074574,1.413347711258304
820.0,0.9515916451955097,1.3502923713654233,1.4730520940801741
821.0,0.9550465309777524,1.3389478962768135,1.7143929737240713
822.0,0.9122055704908311,1.299124676258361,1.344950667704768
823.0,0.8858169272193066,1.2503140543425488,1.1961657509689338
824.0,0.8815856710141756,1.2737990798619583,1.2811475147296147
825.0,1.014753653283835,1.1134016620926928,1.2770667847363628
826.0,1.0051266716048148,1.4398082914828896,1.3805666746289031
827.0,0.9207409383664994,1.2107267700748316,1.477507934577628
828.0,1.118285160844374,1.0837401612930155,1.4292892149275955
829.0,0.9160593114703645,1.2793548880635557,1.3853863168864127
830.0,0.9961938448866052,1.3431821769116818,1.32163466068023
831.0,0.926353428365422,1.313306377371874,1.4513189009766863
832.0,0.9343960832767799,1.3515064411709072,1.6462434042318015
833.0,1.0967557808551396,1.2036988206148804,1.6185275066767812
834.0,1.0690927432162,1.1817919176527711,1.4192791279814296
835.0,0.9106857467692699,1.402386382546796,1.4323208175410953
836.0,1.103070732277696,1.567731625674453,1.9823351515258414
837.0,1.0024883592979856,1.3487345662357897,1.37936033771709
838.0,0.8955592551399905,1.233870934418704,1.4689856718483942
839.0,0.9321207726869339,1.1903802370775294,1.2969279386469375
840.0,0.9786157454062869,1.3487606034646438,1.3217276436287577
841.0,0.8777906578960757,1.3594448340532765,1.5229176921182872
842.0,0.8112467065594268,1.5165781864614434,1.4544679036388686
843.0,0.8306166155341811,1.549380638416397,1.4570582921117596
844.0,0.8825109685143995,1.2983996205331716,1.4016020747988707
845.0,0.9045729987900429,1.353148768798403,1.5168423269608544
846.0,0.8544012564111775,1.372480786230491,1.3666362889621713
847.0,0.9296090630981704,1.3607571449692997,1.5678324062134732
848.0,0.8800560179085831,1.418284380646192,1.615155286804917
849.0,0.8610594289429375,1.3097112466003515,1.371214104672742
850.0,1.0730000633618697,1.3137923387021953,1.2937597541547854
851.0,1.0369292369864647,1.2866828094836031,1.469187947745077
852.0,0.9515760744452919,1.3404211696102737,1.400632683577163
853.0,0.8951457077632501,1.261772315173196,1.4527429698251864
854.0,0.9653783841241786,1.320402721602071,1.421567824452178
855.0,1.0192598250729434,1.310276583246143,1.5798475809334194
856.0,0.9533230735033784,1.222818872661845,1.3434533122149006
857.0,1.0502686275198176,1.4057383970179005,1.5740845312332417
858.0,0.9814215655889434,1.342402353118087,1.3623245929120602
859.0,0.8745995884017637,1.3793596546245264,1.6254942546900844
860.0,0.9659435900007534,1.368989614579865,1.476202031476436
861.0,0.9300614210361842,1.4479878025551889,1.5901795231292992
862.0,1.123299976578878,1.285372507882878,1.6164433927482678
863.0,0.7953995107861725,1.4341385791355306,1.4312746337902842
864.0,0.9125885978787471,1.3733493082511163,1.422615793272221
865.0,0.9298970938383136,1.284141511044684,1.427319753860553
866.0,1.0962403051321363,1.391659894734846,1.6118247691835663
867.0,0.9606816425535992,1.2513605707180384,1.3657690524300503
868.0,1.039678841149953,1.2555863175316966,1.524726387553755
869.0,0.8656139999052471,1.2153447497922867,1.2673899987407227
870.0,0.9574745982298168,1.3585836906898359,1.491806539978245
871.0,0.9889317592312962,1.3332961498477918,1.5614191646612747
872.0,0.8748811037250225,1.3567545713878486,1.4243005215746367
873.0,0.883334649244161,1.2600699853077195,1.2420117545084568
874.0,0.8913384847773327,1.2447320385198657,1.2566237054613212
875.0,0.8198760442313727,1.2998901651441832,1.2623297209667457
876.0,0.9779655540367783,1.28918889411474,1.381505121637963
877.0,0.8685215414036198,1.2393115592604627,1.3496565849208915
878.0,0.891948818346866,1.1678229478986617,1.308023708910786
879.0,1.0011106165146428,1.2632205134382244,1.2673745702039567
880.0,1.0098870987998838,1.2699615870414223,1.2150011265126646
881.0,1.0053966845666085,1.221524330034911,1.3049133167628415
882.0,1.0209372955366236,1.2070907765031784,1.3273434635396453
883.0,0.9858444250806842,1.2903979927296845,1.434571710835641
884.0,1.0605955376625311,1.219476417195812,1.2813041228188455
885.0,0.9428456484161767,1.390118505630787,1.4261746111091707
886.0,0.9764229717498989,1.138667383765355,1.2373767194981982
887.0,1.0551999391319276,1.3065682373638532,1.40116046299604
888.0,1.042783369920301,1.3525654681221608,1.4826311148025462
889.0,0.9352542304339649,1.3110913457602928,1.3053187969206455
890.0,1.0647752422392127,1.2996134367341496,1.3702669935317988
891.0,1.0296688063697903,1.1159599736306212,1.1819298105652432
892.0,0.9533458556809234,1.22059302990075,1.4001304853983367
893.0,0.9155443960726838,1.3048348637296072,1.3187939205122943
894.0,0.9128381340984416,1.3384596490508773,1.362992258682718
895.0,0.9465540296885887,1.2430659216497655,1.3146444501166936
896.0,0.9644420632398072,1.1367930995836215,1.1497581565725488
897.0,0.9836761651749426,1.2140228080254118,1.2786111133665845
898.0,0.8956248342704572,1.126255244379668,1.1431328443500561
899.0,1.06824166691156,1.191232991697248,1.3148045801023538
900.0,1.0225070949597177,1.4093373298818384,1.4718764096433292
901.0,1.0264160227121897,1.3205614907529333,1.4620492287364457
902.0,1.1564414958558118,1.333623526967931,1.5423547763994607
903.0,1.0490377919235372,1.3002781149706086,1.3410392488478975
904.0,1.0381181428992434,1.3051606205938246,1.3128504471115465
905.0,1.197352299394235,1.318860272391917,1.4452291771367503
906.0,0.9757728090812837,1.3431367535408871,1.5398914161852166
907.0,0.7794991750931946,1.3778835015236799,1.3523378988788108
908.0,1.0616151852145033,1.486967471517083,1.5731657043833343
909.0,0.8586284481533524,1.226238873356034,1.4329929904554748
910.0,1.0089124918887262,1.3432053030340376,1.4152393527670002
911.0,0.7877103038256231,1.3016850070160733,1.4011091713901074
912.0,0.8153529326756707,1.33821239155248,1.6076812463978871
913.0,1.0130825903437246,1.1359438054374174,1.2343216243123964
914.0,0.9931742502655431,1.2519337159970598,1.3234043284833417
915.0,1.0078824646609599,1.273277153307994,1.3452939212785335
916.0,0.9612877120993366,1.35230437864197,1.329230897841415
917.0,1.1479326681466566,1.208712532212244,1.453551795709613
918.0,0.9179101520147492,1.1583472176859517,1.245564127601421
919.0,1.0754984886791077,1.4365953335464248,1.4450823990272208
920.0,1.142228788232708,1.2802969297089308,1.6863643127750556
921.0,1.033083101520948,1.293207155655983,1.499464899876476
922.0,0.9249499272678535,1.3466395175082573,1.517350764948899
923.0,1.0087792866715668,1.5048546428850578,1.482852823268255
924.0,1.1712836426202813,1.3607034398193154,1.4500010710756381
925.0,1.019654216113205,1.4206556673400723,1.5137391571821155
926.0,0.9870664962184702,1.3816538144250259,1.430797004395642
927.0,1.084540079906095,1.1967005313395631,1.4649725237295443
928.0,0.9030940128701075,1.1339863775417922,1.3672663222749077
929.0,0.9017871707997858,1.430726481498616,1.6522000792238267
930.0,0.9659443979119445,1.1319399252721791,1.2348007509536367
931.0,1.1391057769698116,1.1897426355242156,1.3676029582957545
932.0,0.9687139191322254,1.2703228397989312,1.3615874969072732
933.0,0.9044730771914042,1.295074396807038,1.4135752546071143
934.0,1.0866597726662872,1.3342500596410733,1.3910711227826709
935.0,0.8593434139331041,1.3807248993365364,1.3221142283089802
936.0,0.9862433700733023,1.4088454668117536,1.5361066962288545
937.0,0.9905614956381185,1.3252519324603487,1.472443686317186
938.0,0.8947986049013332,1.427876239976846,1.515805000266022
939.0,0.9130559142367651,1.2469977655437061,1.4184587013563772
940.0,0.8911073784955889,1.2432240785102315,1.4028765843996773
941.0,0.7533677266790447,1.1798004251653318,1.1996436786894351
942.0,0.9799945834384161,1.3285979164580315,1.3696338808323396
943.0,1.0073367656525913,1.169077392293648,1.6498426309529035
944.0,0.8860478309597318,1.2460784465383583,1.2980077315776735
945.0,0.8935928482610356,1.457259402549062,1.4473333640382025
946.0,0.8981793295716056,1.4200267024024682,1.426543762463917
947.0,0.9591251787592355,1.3614633612642806,1.474255327092556
948.0,1.0350118736790064,1.1661542983750306,1.2758220046579651
949.0,1.0018649109933158,1.3373913645941056,1.6315718130325305
950.0,1.1595104643505747,1.385027975111363,1.5860810382509314
951.0,1.012485329214852,1.3807828498067318,1.585616999526049
952.0,0.9426702105092559,1.4628551792950861,1.4547456717770755
953.0,0.9951862012882162,1.175224292650444,1.355490990452444
954.0,0.7186039476784831,1.1808090721571336,1.272403306360742
955.0,1.0691531400478596,1.2670218324234694,1.3506967377170342
956.0,0.9347636216888819,1.4264120015885569,1.5628872475406859
957.0,0.8398115878827713,1.2880443434192668,1.398460666636751
958.0,1.017446299998247,1.263778149669897,1.4424493003171117
959.0,0.9230222627896595,1.3607048762663616,1.3647725470067735
960.0,0.797260965094384,1.4203762222872673,1.5921943232047302
961.0,0.941479642392358,1.3647954273627727,1.596908610906996
962.0,0.7642296480746569,1.3952731975366972,1.3964486065322461
963.0,0.81965451020374,1.1797722288339276,1.2143345518359292
964.0,0.8821057707485525,1.258028259332635,1.2854935319743979
965.0,1.0148293154133958,1.3585795780841858,1.421239254791161
966.0,0.9665408415176027,1.4185440985065887,1.5343387121635959
967.0,0.8955887904554106,1.418821615808077,1.51031125158332
968.0,1.0382321353864483,1.4420081928889807,1.5585597007290213
969.0,0.8401741325289092,1.3276697149374699,1.3105966546318688
970.0,0.8777771528661007,1.3218136077815463,1.2914732126455044
971.0,0.8178909997912496,1.071527853685391,1.310361491760062
972.0,1.0057658345318794,1.2979443727367352,1.4041862218378647
973.0,1.0143670471887853,1.4699928159112192,1.5592580453716745
974.0,0.9369514746123775,1.285629436173971,1.4331977422723252
975.0,1.020726111004068,1.2492756339956415,1.3209624029985274
976.0,1.2542464430774567,1.251440358541463,1.6269430429796818
977.0,0.924496953868384,1.5230557287785997,1.7448429136636612
978.0,0.9355229755478468,1.78861952888343,1.728749120429935
979.0,1.0330675140475802,1.7170364392658037,1.6553215225769002
980.0,0.8634207519878607,1.935518732548503,1.7726303013277096
981.0,1.1154375243981158,1.6901751362127249,1.676157470908152
982.0,0.9223416127859312,1.5376505170933839,1.4518651724034908
983.0,1.0624418480288078,1.5321913807161063,1.5781384790109534
984.0,0.9206984790880439,1.5002236527445278,1.4334837390177575
985.0,0.9548242185793185,1.632304283259086,1.5928027818448296
986.0,0.9634486030207583,1.4172551593782576,1.4339023807719635
987.0,0.9695983833701852,1.3432059479136285,1.2923028857783725
988.0,0.8915653092462829,1.5454130150329721,1.6016047773503064
989.0,1.0302300046445239,1.6653214822643028,1.7219288286401453
990.0,1.1031987746946532,1.5104060096884113,1.5280924724278109
991.0,0.8153921137164913,1.4563313061083338,1.4296188155529912
992.0,1.092309398217367,1.4185201505372385,1.3793405526864864
993.0,0.9200812721241078,1.3264805583882862,1.377954278543892
994.0,0.9569112084809654,1.3320612779149372,1.4030342398633848
995.0,0.9858113332695823,1.4654903643646804,1.438760720606407
996.0,0.9086413540138262,1.3590888117293396,1.4812688953581046
997.0,0.7923295983414425,1.347151400000861,1.3749016485280807
998.0,1.0149758090817598,1.2760229306371198,1.3913833761149685
999.0,0.9922965176755533,1.5714816796685749,1.5334442484574495
1000.0,1.1303530391631385,1.4613193302959677,1.6750833181076867
1001.0,0.9624670657890481,1.3970343698857879,1.4380579292196116
1002.0,0.8357297435914075,1.4633522801144108,1.3944879368374585
1003.0,1.089397217697837,1.4873067997056089,1.4956491903925537
1004.0,1.1364425137055663,1.5346924031567608,1.650947459707057
1005.0,0.9627325297284184,1.3940632430815838,1.6234245241463607
1006.0,0.9575456480549369,1.4407870750756326,1.4347096125323544
1007.0,0.9061721788935674,1.3993191049448657,1.4526881979974535
1008.0,1.0316711534010006,1.6884782466126995,1.7317669378213614
1009.0,0.8563636404734619,1.3635674657625385,1.3731550476831889
1010.0,1.1351731841602157,1.3410368374790018,1.4218362642240014
1011.0,1.0309040332076305,1.7290303313648057,1.6912871290018643
1012.0,1.172199384107849,1.4934630424373692,1.5004023217742213
1013.0,1.078753643002764,1.4431276003750755,1.586015833051006
1014.0,1.0158810331186816,1.6002767439207015,1.5363735999737425
1015.0,1.0698693200409948,1.398315834888051,1.4573508263439865
1016.0,0.9955253735067469,1.5640432591025224,1.5398025472558878
1017.0,0.9387298370579064,1.3843552406700903,1.3754172759106507
1018.0,0.9961666748261874,1.5251491994159163,1.5092521011871693
1019.0,1.1898475827880899,1.509295875941366,1.5370589444891605
1020.0,1.1749023168349046,1.261800877022835,1.438876718067885
1021.0,1.073242633926823,1.4737128021134283,1.4694205455986034
1022.0,1.1285987426013047,1.2093450553957579,1.3961615402733834
1023.0,1.1689670644968344,1.5685647384362746,1.604577173125743
1024.0,0.9482982486235432,1.4252429380663647,1.4730194167016688
1025.0,0.9821189554264661,1.3063614835337876,1.3885269136813057
1026.0,0.9532142800947662,1.3907419851986187,1.353836403035067
1027.0,1.0357927640798799,1.2034807167978143,1.286249442507284
1028.0,0.8920164078843292,1.3000577225399153,1.4185054414503806
1029.0,1.0713150437871646,1.6912477237000498,1.647643371007772
1030.0,1.0435692585366716,1.566395927705892,1.6212184625486297
1031.0,0.830548251176335,1.3663456652603199,1.3930662643156546
1032.0,0.9721187114522409,1.497177292284819,1.656998977697676
1033.0,0.9614111909297811,1.2682046894919574,1.3477716119715746
1034.0,0.9573270040741154,1.4449748294763571,1.442907200997562
1035.0,0.9446626764487195,1.5791048224102284,1.6706918865002383
1036.0,0.8996925600005099,1.5498519443509282,1.5400137554059041
1037.0,0.8481401212152836,1.2836560457067037,1.2452617789019484
1038.0,0.8056884274597448,1.5697258700540084,1.5646083789357168
1039.0,0.9454927904722541,1.2972516686282585,1.4095978150273234
1040.0,0.7449775004129615,1.3104644614985375,1.2273110415341693
1041.0,1.1768153332158524,1.5642458726171813,1.8055586800695536
1042.0,1.0654077781157123,1.2119844497784293,1.2453500433719473
1043.0,0.968831540847748,1.270280129497316,1.328203519987737
1044.0,0.9746237444135692,1.5145336235080187,1.5202566143652427
1045.0,0.9486362744439786,1.4969218496021646,1.471155016934574
1046.0,0.9631960101406499,1.4896854277029765,1.4681228886264681
1047.0,0.8769824605797522,1.342505436379772,1.3996258413009357
1048.0,0.9451313501620776,1.4519248279824408,1.5036485040661656
1049.0,1.1144460540712744,1.4099172478260258,1.5684766292538008
1050.0,1.095985746276104,1.326284863464124,1.4102492217707399
1051.0,0.9026773436477162,1.3173885692000469,1.2836693062655278
1052.0,0.7605755573080452,1.316041571268789,1.3784924789333945
1053.0,1.032337292628146,1.422418292393809,1.3844405447041792
1054.0,0.9912418927963172,1.5552175337734016,1.703698527963129
1055.0,0.897253141378623,1.3542451966976656,1.3373300176646286
1056.0,0.9859178625287859,1.3470434064159984,1.4142868488743687
1057.0,0.8570227493308076,1.423058226802032,1.5731110391985443
1058.0,1.1304440531956312,1.3741485042892845,1.4754425776259044
1059.0,1.0105026355946956,1.5595253919662981,1.5882943365344315
1060.0,0.9346264193722139,1.4676077357098856,1.498522963101871
1061.0,0.8379697376570895,1.3668216434253349,1.3804873075932587
1062.0,0.8401315432314116,1.2969360317549465,1.2679573296928035
1063.0,0.8626655769152229,1.496309945536767,1.5043799996896106
1064.0,0.8726136853429493,1.493348982890099,1.4447728301795215
1065.0,1.1015701362139834,1.2961734788654558,1.472276263248713
1066.0,1.0110124826829554,1.3700147973714707,1.3859789401083473
1067.0,1.0929471601493979,1.3260581903522677,1.5553486813366586
1068.0,1.0068516719898555,1.5260279403828787,1.4186494188149912
1069.0,1.108527615429674,1.57201553325641,1.614518817815377
1070.0,1.0677159166396264,1.2847317502312519,1.316360997572765
1071.0,0.8536687550809696,1.387110153315174,1.3912481103555883
1072.0,0.9698038772689259,1.426517891035697,1.5799339605276483
1073.0,0.9565826267651686,1.33550361215337,1.338342063900125
1074.0,1.059923532727226,1.3672067526796319,1.397475353533902
1075.0,0.8722832067807464,1.390293640779683,1.4673406369297186
1076.0,1.007045171729016,1.3048935138850402,1.350801248297259
1077.0,1.0980838211835817,1.2224573262714702,1.4366632538142847
1078.0,1.042750940051491,1.3379679620961489,1.387834249295365
1079.0,0.8320496770620943,1.252032642659288,1.3791318617861632
1080.0,0.8127541240645668,1.3237561112469283,1.426897937038238
1081.0,0.9612781305861287,1.192973980895017,1.300956993920068
1082.0,0.9452586686631955,1.268713667432836,1.2972425299736285
1083.0,1.0057005658924143,1.332155622290515,1.4287661199540767
1084.0,1.0421463400483029,1.4029708282439473,1.4229658296169412
1085.0,1.0041997263303115,1.2054636347695133,1.3070633360782633
1086.0,1.0827930937420744,1.5852098664509078,1.6513385306674346
1087.0,1.055184656040609,1.4061913137459718,1.4513863268729406
1088.0,0.8827599456807206,1.2773236841566058,1.3501581238347191
1089.0,0.9497284250036537,1.3787768443750477,1.6244688449228422
1090.0,0.887405634760605,1.4711147228233656,1.37058456499437
1091.0,0.8663092187162457,1.4822944015836697,1.475446878870198
1092.0,1.1492705998239545,1.355943769357994,1.376198310464099
1093.0,0.9138481802920153,1.427382605054965,1.3909529743643856
1094.0,0.8939508735247259,1.4283558368826763,1.4011203845281555
1095.0,0.9891889565638168,1.3134139084059644,1.2561706318328338
1096.0,0.9311272613409797,1.4156782748595977,1.5481360861298512
1097.0,1.0869508729958894,1.2368154400408569,1.2709991200256774
1098.0,0.8789236256423824,1.2095066030586048,1.3499901273889887
1099.0,0.8012478761625965,1.3173069807199913,1.3020079695279787
1100.0,0.954288257341443,1.249783928580987,1.350094573678134
1101.0,0.9142657706552189,1.510623463865134,1.4780708970135206
1102.0,1.0122296148329222,1.4510191533880359,1.4663334132981491
1103.0,1.0140053048304765,1.4216005328088273,1.499479659529221
1104.0,0.9104507271373578,1.4453125140681078,1.6035164906250436
1105.0,0.9751941402389,1.5202733397087551,1.523931852407127
1106.0,0.8600623416937971,1.2668220117429019,1.3911836003962543
1107.0,0.9220581084140435,1.3438363047709312,1.3849149639790532
1108.0,0.8273326458947692,1.4211957115364975,1.419041869617392
1109.0,0.9281029845207271,1.4912972351898661,1.4286946652496
1110.0,1.0403831001165154,1.3008016076030793,1.475134415356237
1111.0,0.8492230204066404,1.3251020690329667,1.4612199536253379
1112.0,0.9878164176509817,1.3847350805922276,1.4865972597740515
1113.0,0.923736851220565,1.6536011305575018,1.577487066621734
1114.0,0.9460877709590982,1.3565790509506874,1.3587295095793066
1115.0,0.8727364568768843,1.6382930014996764,1.4768033716547189
1116.0,0.9263201867483329,1.5721965654310897,1.5351795543923303
1117.0,0.943584152932722,1.6306813910891884,1.536682548690519
1118.0,1.0025367148354507,1.583611748286599,1.5245979101867602
1119.0,1.0636910544550717,1.3850672573666465,1.4463596189284214
1120.0,1.044532207711123,1.6603473936368647,1.5778849317395773
1121.0,0.962610556219336,1.3395482027255237,1.3438000878284213
1122.0,0.976664661039077,1.3773783846448786,1.3344508723472175
1123.0,0.8927394403291237,1.4902128665879406,1.4242447312893871
1124.0,1.0907855898475116,1.409188556077081,1.5630683512266665
1125.0,0.9652719367930598,1.3053637923373589,1.391185887090848
1126.0,1.2247114972625073,1.4935652795240433,1.5500853108981991
1127.0,0.9321286362162818,1.0856903008766892,1.129400613611039
1128.0,0.9465069525950797,1.4384875591002007,1.416629271412598
1129.0,1.1235998079285647,1.1209380263796944,1.1813538318594095
1130.0,1.0709479152859531,1.1882436585068163,1.283940573801081
1131.0,0.9361462691991794,1.4128977542040728,1.372424375694465
1132.0,1.1043741719827138,1.2842132274830447,1.3422535871546788
1133.0,1.0474131783621665,1.2403011211275756,1.3045884653588986
1134.0,1.100131991266722,1.1944699083138186,1.388044217209745
1135.0,0.8849595753370914,1.3132937161051632,1.4232478617751239
1136.0,0.9111228467862925,1.4585207039032944,1.418641110747682
1137.0,0.9122978419973434,1.1554634472086722,1.2649327115794866
1138.0,1.0765005846071973,1.3680838444398322,1.5160914296578927
1139.0,1.0361046754020407,1.4548977890239612,1.5204240957930417
1140.0,0.9700633569750887,1.0984747751938686,1.4100043434027965
1141.0,0.9510339790792325,1.4757227329235836,1.507082056885634
1142.0,0.9658089849941848,1.2591607301394985,1.4112889660632506
1143.0,0.9702918036286735,1.3190792931752018,1.3498543070421245
1144.0,0.8906587738474935,1.462005518262049,1.6260771923074324
1145.0,0.8516444425103067,1.394502954794318,1.4583159159954846
1146.0,0.862469683281587,1.2637344866531104,1.2540265891512306
1147.0,1.0034905484437115,1.3828273868285237,1.497546641829991
1148.0,0.9035265415417167,1.4617675643475347,1.4041462286609914
1149.0,0.8955342309352406,1.4836110916394774,1.5338648253226825
1150.0,1.046968460890866,1.3298430737833304,1.4407991321621125
1151.0,0.9729190196397142,1.2501341917192175,1.3468073455090812
1152.0,0.8630421153954256,1.2993941346065911,1.30334590480036
1153.0,1.0256520368358373,1.3407192395284653,1.4027217991169283
1154.0,1.0208779491877682,1.2738880632198328,1.4410427622748045
1155.0,1.0059259762718773,1.3439998454153332,1.370046809096337
1156.0,1.0266496779979297,1.487299738334474,1.430883675495338
1157.0,1.266045738967599,1.414772406574432,1.53764438576906
1158.0,0.8767110785280774,1.372373696364525,1.3557012892507434
1159.0,0.9978836495994673,1.4300506925638257,1.5079869894516351
1160.0,0.9928584483756523,1.4295191652407588,1.5624197161891205
1161.0,0.8682931402214498,1.2554463974672125,1.2425609390001382
1162.0,1.107291683014374,1.466662573064024,1.5246738309921537
1163.0,0.9474392094606454,1.446287482529191,1.5206990443931623
1164.0,0.9019567326697403,1.4205540471503544,1.412709002383835
1165.0,1.0709813465938696,1.179089179673821,1.330035386624487
1166.0,0.9060047727200491,1.208046464028626,1.3500822708588311
1167.0,0.942192629627143,1.310084381056358,1.3820949629161023
1168.0,0.8670970810499146,1.3235029577736437,1.440101808556324
1169.0,1.001179826280703,1.3912278681983326,1.4925756119276412
1170.0,1.1045840502610107,1.2173360928559627,1.353229130247847
1171.0,0.8916600346547273,1.290056074413074,1.3254556551203533
1172.0,0.9794759847815584,1.2656808902187446,1.3223526014179687
1173.0,0.8482095679674652,1.25089663837397,1.2851470318173255
1174.0,0.8994733182383428,1.1895373386662587,1.1996798291880004
1175.0,1.1491943924343362,1.110076669870619,1.4135128115207154
1176.0,1.023834151810798,1.448499862719506,1.659946212478337
1177.0,0.854097658451385,1.3519922223478256,1.6434721064298745
1178.0,1.0407281365291725,1.2680468628355617,1.408866119800966
1179.0,1.0207689619465166,1.1133071829192422,1.2875332635440995
1180.0,0.8829218574190713,1.1484462529121082,1.1972014933177266
1181.0,0.8637438585412505,1.2283123605639743,1.1607637008823735
1182.0,0.796329029319755,1.2886557083613033,1.266263678689069
1183.0,0.8586647016428716,1.348187851058051,1.4722497563817654
1184.0,0.9669874914990054,1.4944483934636754,1.705528589194413
1185.0,0.8490169942540652,1.2983859745160342,1.2952978204343886
1186.0,0.8856456656136393,1.2680283916848876,1.3843617782432207
1187.0,0.8604483590376554,1.330359691822282,1.3042646624623835
1188.0,0.9011897693371765,1.422621965336169,1.3806787040843116
1189.0,0.8738722882392732,1.5092421404407612,1.61836792302358
1190.0,0.8882711330462597,1.3853941573075867,1.365592081807338
1191.0,1.016277062620519,1.4321521338610184,1.4469262892274695
1192.0,0.855762245747595,1.2648437146014464,1.3338300714121678
1193.0,0.8824098259142403,1.7044304650826967,1.5865335721610936
1194.0,0.8148612821567318,1.4575281866775476,1.5963726796195326
1195.0,0.971487684203041,1.4351934076528228,1.4825443437790218
1196.0,0.9083859265638625,1.2962873468306177,1.4031256714925062
1197.0,0.8201076128637488,1.3328222215627512,1.4839375426930457
1198.0,0.9088494226683944,1.2486372806001718,1.4134121435951903
1199.0,0.8430255589944067,1.6816318235236576,1.5755637229151207
1200.0,0.9365977471328111,1.3988958093332617,1.4735308673767924
1201.0,0.8872234408244654,1.2489999260970155,1.4729040536865579
1202.0,1.0197838058947941,1.3167478338294272,1.450442211861388
1203.0,1.0578620224208142,1.3459261955942097,1.4349184240431259
1204.0,0.9257842671833499,1.4616714326144238,1.5950501083898523
1205.0,0.8363830593176388,1.359043659957669,1.307278194965365
1206.0,0.8872080805671307,1.5855272816571628,1.4627792003686666
1207.0,0.8737455526383067,1.2974368991383907,1.4862594393157424
1208.0,0.8905764724835098,1.6319444755437313,1.6836778677741608
1209.0,0.8038451860871098,1.4294944838939678,1.3905346378769354
1210.0,0.7199842149512811,1.290164322615054,1.3509058877329658
1211.0,0.9281933100529653,1.3508916655516774,1.3294605350093394
1212.0,0.913380907234528,1.317491733890199,1.3794405997882178
1213.0,0.8712704772982098,1.3588090073864523,1.5675415241220598
1214.0,0.8152229996595355,1.441425979808697,1.563402521276207
1215.0,1.037727599397009,1.4895039995609642,1.6478893318532062
1216.0,1.01458402062238,1.8476424784495529,1.7496213898513095
1217.0,0.9934534180235234,1.4110719196374861,1.5802372384862295
1218.0,0.9139982778383876,1.4453022754260803,1.456978637549646
1219.0,1.0102328456064518,1.239517775874798,1.4154093081057608
1220.0,0.7706104366129802,1.3290089191263643,1.3644323898199098
1221.0,0.9513796934140227,1.5466715957441695,1.53036784627535
1222.0,0.8911648782329553,1.537284353208226,1.4478808319673024
1223.0,0.7893317324058723,1.4167591476216324,1.356975618917109
1224.0,1.08182400601277,1.407402953257866,1.6153643464137888
1225.0,1.0264041762269511,1.3047719584327655,1.5869126835517309
1226.0,0.9075396047150677,1.291567863133978,1.3652117812703528
1227.0,0.8512220944146475,1.3576606928667452,1.3262051226048899
1228.0,0.852396793914195,1.1441076401640367,1.3891007940097713
1229.0,0.7423440731281381,1.2856559880178267,1.248873959966989
1230.0,0.8521412376540026,1.2088672466437327,1.404093639383275
1231.0,0.8414837296305264,1.3416634181553613,1.4130143201540517
1232.0,0.9227190701735086,1.276970473351487,1.3289047912715874
1233.0,0.9342869223933972,1.2833256463711824,1.3900497796462892
1234.0,1.077667969996244,1.4479890535602349,1.6824155899920499
1235.0,0.9352326982606994,1.3184065211605982,1.376758790092672
1236.0,0.8566977045802987,1.3693874592654516,1.4029613683489095
1237.0,0.9022498406383229,1.3769272456801795,1.395627028761506
1238.0,0.8782257043460898,1.3492506274215204,1.3505122170953272
1239.0,0.9057636202433398,1.3437775620676418,1.3090406669677601
1240.0,0.8585839674589993,1.4266902902996927,1.42834377202036
1241.0,0.9987774844885617,1.234005720824293,1.6122140543398682
1242.0,0.8900520808509558,1.2624098792541885,1.3378301527239096
1243.0,0.8997845245153526,1.310915699180504,1.4629079456442784
1244.0,0.8725072309823485,1.2388718870797277,1.3393470979200146
1245.0,0.8642179419699844,1.1801778133685836,1.1913978414625614
1246.0,0.9941497434760084,1.2817401795289836,1.4005517012459472
1247.0,0.9563023104449827,1.2600029499954035,1.4016023914182911
1248.0,0.9276435390365928,1.2999046911541872,1.3192211750897238
1249.0,1.0907530130367957,1.3529475270850708,1.3914893106380184
1250.0,0.9480904560599743,1.3801923170989205,1.4193997169658448
1251.0,0.8796036229819683,1.328670590456921,1.3535321848866086
1252.0,0.899076262545576,1.3307658152770785,1.3124420311193443
1253.0,0.8681037083660126,1.2657968103792927,1.2762801031510886
1254.0,0.8864402772599088,1.2401675057902621,1.2714655049462078
1255.0,0.8192327301666976,1.3427417243954347,1.3232878283280989
1256.0,0.8913594648925068,1.2940418601921662,1.3363654716831885
1257.0,0.9768036693839994,1.3826686902122407,1.445144555024052
1258.0,1.1130537936761595,1.3185621832697405,1.3586149309097508
1259.0,0.9969163570291866,1.2550307184047262,1.3860520481146918
1260.0,0.867168560989777,1.1332589939637214,1.2005094170832102
1261.0,0.9235709252703846,1.3171155927761773,1.2985694956254272
1262.0,0.9398757422969954,1.4283647012256897,1.4757148302060634
1263.0,0.8621117225640292,1.2907515698485852,1.332115025027402
1264.0,0.9322115974953574,1.4572518527321254,1.406165396037942
1265.0,0.867811627199218,1.3144621321457115,1.2844055394199079
1266.0,0.9023974119152576,1.4091248527191862,1.3669235674673699
1267.0,1.2173766070530248,1.4176563288591248,1.4651603434058549
1268.0,0.9810286684658697,1.4296019577691779,1.4690827264740867
1269.0,0.9801530469488806,1.189439804687022,1.3260906281323994
1270.0,1.0490581613489667,1.3547239362425219,1.4362170362081652
1271.0,1.047886840294601,1.290984154355543,1.2662513998568556
1272.0,1.0284421584134085,1.3949889604862904,1.4372822360288846
1273.0,0.8641815907874755,1.2325947245173818,1.261128332930021
1274.0,1.047666782970778,1.1429107701448231,1.2252495628350508
1275.0,0.8780517516166225,1.2276960374503258,1.2888624732573635
1276.0,1.005478808820821,1.296859790523353,1.3043680986747346
1277.0,0.9732254405970379,1.536265364874584,1.4661944426919187
1278.0,1.019654739888196,1.2977087522751425,1.3358198774245993
1279.0,0.908291286194629,1.5365282927051478,1.5060826780256718
1280.0,1.0178049404816614,1.3570438255191988,1.4117638095533531
1281.0,0.9640327087742129,1.4147427353356468,1.4028991419984578
1282.0,0.8935176277050372,1.3298203234710373,1.2940629023733348
1283.0,1.0948672337541918,1.2823302995124615,1.4505758611945925
1284.0,1.0432169508971967,1.3125863912482585,1.446320767975972
1285.0,1.1000732748516089,1.244279725053422,1.5256357693348976
1286.0,1.0214417962946014,1.3344959637115685,1.4009520701111964
1287.0,1.0640450966239425,1.4777500995952018,1.588187712806332
1288.0,1.0401125111319804,1.4534025837533522,1.4757616238825664
1289.0,1.1898920803466435,1.3200301406203538,1.4258917025288147
1290.0,1.1553163983262984,1.4156354331436871,1.4655232822933193
1291.0,1.3721585784695702,1.3729979437374489,1.5415323639740086
1292.0,0.9976061775174606,1.4236625152004576,1.4537041935809816
1293.0,1.2659941638196763,1.388105016666846,1.5547568704579064
1294.0,1.121951244066861,1.3189852541864835,1.4034831335522313
1295.0,0.9981670208361736,1.219531089704151,1.3052973863876567
1296.0,1.0243070799350025,1.4451972886239246,1.5711396622712626
1297.0,1.0337961452573217,1.249520688855291,1.3124410355398115
1298.0,0.8198866561524247,1.340498774647248,1.3424461190153023
1299.0,0.7153048901527587,1.6088543002573665,1.499331991242695
1300.0,0.8777680630174591,1.2784061932691608,1.3329045224764682
1301.0,1.0423176847248479,1.41794565934833,1.4791568649365199
1302.0,1.0460233308562925,1.3839467607535798,1.466937358366345
1303.0,1.043442571355031,1.1509197332152599,1.3191573615282468
1304.0,0.9322910781227836,1.2506959084289666,1.3562923726497842
1305.0,0.8780432913201632,1.2941155240057716,1.7505219017322993
1306.0,0.9766728171430034,1.3724275482941726,1.7670545088619762
1307.0,0.8436239170105047,1.1757130004583844,1.386918059925764
1308.0,1.13555818794565,1.2728568538310652,1.5706928199900918
1309.0,0.888883368471658,1.3678830302241205,1.4679711154798276
1310.0,0.8237633949528168,1.2656411682012383,1.2748068445451801
1311.0,0.9514827178273839,1.3345080706197612,1.372085265673944
1312.0,0.9669144584276747,1.354315043099143,1.390867000813908
1313.0,0.992914911534145,1.3235283276890568,1.5327976177917615
1314.0,0.9907733144886698,1.4104475990181453,1.5624027847545645
1315.0,0.9572020305726465,1.3280818555396845,1.7124097993512493
1316.0,0.9484998108885015,1.4122704676175997,1.6248769976726607
1317.0,1.0609197114468139,1.3588843438784421,1.5927946910747397
1318.0,0.930149712847387,1.2348430166060602,1.3304572820518275
1319.0,0.878041043845801,1.2818996224516286,1.2511303538350735
1320.0,0.9558603319552806,1.2358008973474306,1.328101304867463
1321.0,0.930030089609174,1.4578694238498224,1.5032118861001216
1322.0,0.9056789250417451,1.294743795985566,1.415040143852833
1323.0,1.1081864146728209,1.2437220781723066,1.4328666609823582
1324.0,0.9555821955167279,1.405821842114021,1.4706573496597761
1325.0,0.8761821303384462,1.3365803791385682,1.4109597510981693
1326.0,0.9398526290941033,1.402851893468218,1.5373273021602085
1327.0,0.898399770906581,1.4036244620609724,1.3581887464120896
1328.0,0.7333985468090244,1.358967658702175,1.4065345776053835
1329.0,0.9834911833440664,1.1867048607108919,1.332037445607586
1330.0,0.8321518649316885,1.2690860481947697,1.2444836069380572
1331.0,1.040009963817471,1.3100222413445632,1.3206834987056992
1332.0,0.9475103694167246,1.1971396591038652,1.2230003338481492
1333.0,1.047810630413765,1.098932878899012,1.3393175013336838
1334.0,0.9630138862400046,1.1365559449090308,1.1651869169075983
1335.0,0.9213530126326562,1.337427018631715,1.367692922013136
1336.0,0.948881969774409,1.2468964643161808,1.3977420002370167
1337.0,0.9513778957663791,1.2704995423764265,1.3582325126895387
1338.0,1.0178334293858566,1.2092073623155455,1.3242130460444055
1339.0,0.8768593205080945,1.2774186878297076,1.506651735308868
1340.0,0.9422658806907653,1.2263440893586512,1.3463565888764943
1341.0,0.9567411909296035,1.311513698675505,1.299656686882308
1342.0,0.8959993807988881,1.1525632862594994,1.3729930179035528
1343.0,0.9777787426888668,1.3035119441802698,1.2738071347837194
1344.0,1.0506355274095276,1.301864473814195,1.3377936448892591
1345.0,1.1352268167232953,1.2731425010313457,1.347264827157442
1346.0,0.9373731468647554,1.2865337707620979,1.2530394695963951
1347.0,0.9790579082711186,1.219093707833649,1.2919158903908383
1348.0,0.9302900389726408,1.369909131216049,1.4410234428441975
1349.0,0.9354591817211215,1.4685539690642793,1.4440862243521735
1350.0,0.9703692507265694,1.3926318779803906,1.5354032489879976
1351.0,0.853332519861531,1.4845324294444746,1.431910926911424
1352.0,1.0132574961706358,1.2547050811420408,1.2064678495948211
1353.0,0.9881520238901462,1.1861543614673464,1.271839822463751
1354.0,0.8701306870785194,1.3304442628078075,1.3025360838184716
1355.0,1.0078858330110179,1.324847403084729,1.379337104546115
1356.0,1.0917225624695315,1.4286956936561603,1.6122734658380897
1357.0,1.386841489194935,1.26755731068562,1.5092785493515823
1358.0,0.9153009279304215,1.3668074733520923,1.4259092362638313
1359.0,1.074919786424971,1.2770257174264696,1.6017369916340645
1360.0,1.1290296856045068,1.2744472923556576,1.3425308725061733
1361.0,1.0109855809716355,1.2468594706123537,1.4584676322810064
1362.0,0.9761434019079686,1.3779534885725027,1.5594383593949805
1363.0,0.9919663133116648,1.3160156745534168,1.3929584825067616
1364.0,0.8523782003753388,1.2777134894800504,1.2774069747699681
1365.0,1.0834936232226002,1.3660950274098427,1.3976098329454214
1366.0,1.046773715226797,1.3077561862847413,1.4047895301269033
1367.0,1.0607206298328475,1.215624281833832,1.3511970130872348
1368.0,0.9524180968260847,1.3757916331621571,1.3358269645702385
1369.0,0.9604140333491223,1.3464957726436488,1.4149985705995285
1370.0,1.1076199755889593,1.3156046768240006,1.3492364300975916
1371.0,0.9400582970360288,1.2205066474549573,1.292232246496987
1372.0,0.95599842922517,1.2051879657172435,1.2429478442761988
1373.0,0.9009307496287817,1.1607146920014064,1.324800640706495
1374.0,1.1885707551399989,1.3132740917546615,1.4736090330459644
1375.0,0.9306865092901471,1.3699043712354535,1.5074674329922968
1376.0,1.0821740813347662,1.2850181318110119,1.4268729533118665
1377.0,0.9687427641387053,1.3200380013425637,1.4396316472888624
1378.0,1.0788557904286282,1.4650021637218884,1.4983011046749748
1379.0,1.1277711410494828,1.4210040002583397,1.5152655484599349
1380.0,1.1692447726168413,1.2081208250763802,1.3290696218652012
1381.0,0.9815607063130715,1.302279298922037,1.3560680349181473
1382.0,1.1926393633101633,1.3104708173184563,1.4644148863515147
1383.0,0.9292447878418073,1.3584875594868422,1.4805599240307514
1384.0,1.0220861800674133,1.3486953456815083,1.370200734252694
1385.0,0.8225004352040408,1.413588878683209,1.2686749809084263
1386.0,1.1067168894714743,1.3745452170411363,1.4485959557403763
1387.0,0.840500269194307,1.2785395374683288,1.2806830063701538
1388.0,0.8046577493805877,1.2159617090560655,1.1929465834317323
1389.0,0.9398115817129401,1.29120234833718,1.3556291255309594
1390.0,0.7800288727618186,1.18748905725825,1.2411281953743825
1391.0,1.029629085780999,1.2691867533243792,1.3872357028334779
1392.0,1.0343825634841304,1.2595822759415187,1.3267839967810373
1393.0,0.9138176753303666,1.2797674608625966,1.3237134436064553
1394.0,1.056396227304902,1.2907913374289246,1.708918525491385
1395.0,0.8073105637902942,1.3463653888525633,1.448064749297394
1396.0,0.9703599951564622,1.333699803147822,1.4756883987477654
1397.0,0.8779702117947968,1.2653067621587835,1.3844301527250855
1398.0,0.9323659826409296,1.5530215398962168,1.5745686493227125
1399.0,0.911442254311093,1.3764657321942868,1.5670259447862498
1400.0,0.9653017108931282,1.2143027060257476,1.28037747398348
1401.0,0.8040867210230495,1.1840301201659267,1.284977598628988
1402.0,0.9928802722121592,1.2331736309744044,1.2660395192583314
1403.0,0.9343917169161002,1.294720044364041,1.379031071343957
1404.0,0.9952377183874255,1.3861626461637566,1.5856148112801463
1405.0,1.0185960135332428,1.0930360262094025,1.3930935262133675
1406.0,0.9885404903556134,1.1889961517019523,1.3355385355639864
1407.0,0.8160573731985185,1.270215135857932,1.470313853117397
1408.0,0.9699969792346823,1.3790943847757133,1.409949021069185
1409.0,0.9551341969435487,1.4433090547820346,1.431584817665942
1410.0,1.0611486929825993,1.4331146581123844,1.5968388618986775
1411.0,0.8636051996608479,1.4348592837371466,1.488920357507329
1412.0,0.9477347593407593,1.34693522600201,1.4015756490865903
1413.0,0.9395010892903491,1.3442559016140052,1.457769660246745
1414.0,0.8852255062916353,1.3781253592314329,1.3927485211453887
1415.0,0.8187221492993777,1.435492822664332,1.3832696686442707
1416.0,1.0912401671303578,1.4384203011183092,1.4724626061486374
1417.0,1.0358414508648217,1.2916884425484534,1.5401245212329675
1418.0,0.9990656668473864,1.5155872704922748,1.5421616439485728
1419.0,0.9637964303697629,1.4244138493932592,1.486922821907532
1420.0,0.9504451041240067,1.2973695564848766,1.2965537425453397
1421.0,0.9753228688669955,1.3419619627799646,1.491792760544597
1422.0,1.0185113116789404,1.2796815398324852,1.4168007551699056
1423.0,1.0370681095765286,1.2748874833671642,1.3256812655875048
1424.0,1.0099911146037888,1.4375300249354874,1.508046953027558
1425.0,0.8932558284661063,1.3187799921698462,1.4159491633159482
1426.0,0.8883334623582435,1.4504555287496532,1.4379042955879149
1427.0,0.9164712624940546,1.2123095151328358,1.5542691060123057
1428.0,1.0368368667505716,1.2177160878848092,1.4076317919744497
1429.0,1.0748001123868696,1.2796490721202651,1.417808723131178
1430.0,1.0541060360740504,1.2365903208367637,1.3544748711049017
1431.0,1.032729919334111,1.2692351662607575,1.4947233217809537
1432.0,0.9290289973068778,1.3791794898226095,1.5300872775188559
1433.0,0.8979714316427023,1.2694333543410132,1.333906818924286
1434.0,1.0627011081212283,1.3360452819959738,1.4147233791510792
1435.0,0.9877654303933591,1.3830551467089447,1.4688173897364423
1436.0,1.1252864963533982,1.2727215039774729,1.3967085332826406
1437.0,1.019233008248799,1.2905341302165767,1.4216905533439759
1438.0,1.0430797328924966,1.466807490778747,1.6274785625579682
1439.0,1.021360282126983,1.2421251305981438,1.395266211425288
1440.0,1.0029089993059925,1.3155102346693275,1.5814239968508403
1441.0,0.7661259668653136,1.4709298356022837,1.6903455256432312
1442.0,0.9894451323037812,1.5813111216508324,1.6608241503450623
1443.0,0.9162900920368013,1.3275619911476468,1.513396832049186
1444.0,1.1169910656748836,1.3104082813955962,1.4906357106296289
1445.0,0.9493083666093368,1.301599189504881,1.4430622414326193
1446.0,0.8490235457713067,1.5018531264901553,1.404008948620732
1447.0,0.9309669361069931,1.180030253604192,1.3956339267712405
1448.0,0.9755593720972094,1.3349173381947033,1.456504744919521
1449.0,0.8206983482266329,1.4232679401617603,1.5982718249889434
1450.0,1.0303415459028167,1.2464155669305228,1.3319366208812142
1451.0,0.9439338225569823,1.3732153415943076,1.3833239609369186
1452.0,0.8246436553078738,1.3926014878437305,1.51739971441489
1453.0,0.9829714955516409,1.172672412163555,1.2952878415232911
1454.0,0.8597982488077374,1.258431544847073,1.285170938706333
1455.0,0.940672936143279,1.3035624985724072,1.3992662671576805
1456.0,1.0391236623751663,1.1960077809753917,1.4719944991492393
1457.0,0.9382948320908285,1.4183670771589783,1.5858408429612147
1458.0,0.8257590734566559,1.362012498609764,1.4461255378330962
1459.0,0.8848445799257132,1.1917865656221869,1.297563202297955
1460.0,0.8351175657723063,1.2268766492903809,1.26488906707065
1461.0,1.1886268961731126,1.3033324436802856,1.4212968315189567
1462.0,1.0001374616350556,1.258449328534754,1.3792091035997451
1463.0,0.8527010644218304,1.3532829319043176,1.4382399640096926
1464.0,0.8526636057852547,1.331218218169901,1.4457099938780988
1465.0,0.8482962286478467,1.3864606384731235,1.3952013326491521
1466.0,0.9211404092340871,1.4262389603521846,1.5531832234770593
1467.0,1.2006231290208695,1.2435553970208424,1.3590550092097213
1468.0,1.1266460464816606,1.150236813241614,1.372691904994299
1469.0,1.021657762596348,1.2890561993375285,1.526735389898303
1470.0,0.8927215400007917,1.456106485766955,1.4876671355583837
1471.0,1.132602838075919,1.2972119988333883,1.6271883873842006
1472.0,1.0206220531233596,1.4021211885902019,1.440707839875972
1473.0,1.0499912868535082,1.295273035724691,1.4806725213822263
1474.0,1.0113437204694118,1.6234691385429074,1.691004391270804
1475.0,0.9324132852172485,1.2606311616924606,1.362848750398154
1476.0,1.0248856027479654,1.2343555929928722,1.3675085714871251
1477.0,0.9078051304698198,1.1283845033792774,1.259349709567968
1478.0,0.9994905480776407,1.2560798328987846,1.2696268312588466
1479.0,1.0468036771890201,1.360028192191841,1.6372387412165827
1480.0,0.9157926690950485,1.204043598371418,1.409080590227626
1481.0,0.8452930817137999,1.4060313289203579,1.559105734440234
1482.0,0.9615597748962921,1.4067502541720798,1.5783140578861068
1483.0,0.9017008100820066,1.3170855472820764,1.4830589745800964
1484.0,0.9305335499381691,1.3895459792528133,1.5611333460617922
1485.0,1.030472842902015,1.4359681313285966,1.451212047572751
1486.0,0.9644607635690104,1.355832781499184,1.4362495783004352
1487.0,1.106838217150524,1.3970751236430596,1.527624165568531
1488.0,1.0246772005797646,1.26250251161135,1.4021870762023492
1489.0,1.0294291701159957,1.3164108327889763,1.5393644322858637
1490.0,1.0057330603780974,1.2986463283886984,1.301786482574419
1491.0,1.0198477554841694,1.226943403200283,1.3017300900942987
1492.0,1.075692897667849,1.2081212164949788,1.4093034718161928
1493.0,0.8775060668610881,1.3527386835569446,1.5347206337306938
1494.0,1.0588489069536313,1.2060072264703987,1.378782037086521
1495.0,1.112800184512275,1.3790700679007475,1.4551850360927812
1496.0,1.0643894343494458,1.2191602588383221,1.5088922444311204
1497.0,1.138780464284803,1.2920800509453687,1.5803941009370694
1498.0,1.0573347103324935,1.305285140859165,1.4123521497209535
1499.0,0.989603713453444,1.296212166506064,1.4497624105373181
