,id,residue,G,A,V,L,I,S,T,M,C,N,Q,D,E,K,R,H,F,W,Y,P
0,39,A,0.06246064954577313,0.16086050723799028,-0.12353213470075519,0.17763923714148477,-0.06490840254304953,-0.0028541523653951018,0.1857631126113959,-0.06658937670768905,-0.12535317654902478,0.15633353204223877,-0.05796132882291394,0.021738233599019052,-0.21851876991558727,0.10505040505404839,-0.028607321732710966,0.059978919874629,-0.035406783827072186,-0.0013488038573519212,0.10284070547446333,0.3376116749306777
1,19,F,0.06341369571998401,-0.06297686118532808,0.13991386779357495,0.01012596477178862,0.15606641464287763,0.037710255327847886,0.002871645225107189,-0.041683785801728934,0.06594103911670901,-0.06114109674277679,0.025563010963725485,0.08933319555917518,0.017032777924463005,-0.0066390926368957714,-0.0225519523208344,-0.030543051416715095,0.0035875043566053755,-0.07026885708393227,-0.08060089187488484,-0.16800159124081482
2,40,Y,-0.017223226484069265,0.105328870875663,-0.09485228307604276,-0.014523266165544557,-0.03628946904250818,-0.1977948454331886,-0.05503377906149454,-0.20031619416727087,-0.030628969091448743,-0.10753095701441051,-0.011760485119339581,0.13433847283498124,-0.08679258089916897,0.015501117859773927,-0.514287379568634,0.08422297690227998,-0.16731992526075712,-0.5113175259080509,-0.25614946490347945,-0.10085640653143435
3,23,E,0.1560573909286571,0.05178666614562322,0.11111755334384843,-0.09338703430914386,0.13862669709018327,-0.06050473286439462,0.08043778358585785,0.15643950696272202,0.01161120781324998,0.08184903302828506,0.14018479928410943,-0.03427996798015198,-0.09360589141222997,0.10977008271872313,0.07766302870512187,-0.026522909374465664,0.11665165882973749,-0.11323762863696585,-0.01869314995779159,-0.06943370591472964
4,30,F,3.034466093294614,2.65029444033801,2.376517127356924,1.799611735630679,2.2301752226179334,2.556049844559068,2.4695933351837334,1.745549581807013,2.549498573541795,2.3785025248548335,1.9231995583995969,2.6153296183887758,1.8771169778835033,2.177776649111123,1.4544361055929187,1.2336882739620498,-0.09214665140201017,-0.23378426014666154,-0.20259263246446757,2.8906469977557947
5,5,L,0.35032416251896437,0.340434864638139,0.08629934094340919,0.21074239083254187,0.18212045508909758,0.15187727979101573,0.03157843676767591,-0.029766471576190723,0.109356103360428,0.24707392049281096,0.3629895014409139,0.2804717125349039,0.24236406022530588,0.1343754957165293,0.39537760899851215,0.23884814461493464,0.3612031156087072,0.3308222783863515,0.4089951385153048,0.32417091851868673
6,27,K,0.1022352874966197,-0.06874448055566007,0.02352619791620869,-0.10582293137724097,0.035421319916290495,-0.02731740887188283,0.16791628358706756,-0.3275942943671166,0.1301331374712582,0.11777755957646718,-0.5649496396480727,0.13352794563688763,-0.28186195260354796,0.1556417949882627,-0.05139895561669716,-0.09670702605144377,-0.43568255899999775,-0.35920351190746214,-0.43138247648733197,0.37368042507823285
7,13,V,0.7605671958407934,0.40325472605047286,-0.11898597734833372,-0.04847864709982197,0.19870704327922906,0.40999135156213073,0.46388074713338523,0.5614389807821756,0.7949680253172049,0.6196589806123347,0.08319824507101847,0.26976637144668114,0.2889666123209498,0.5353011636650877,0.41975296326789246,0.2044399918964166,0.23199261697582307,-0.9838442931812064,-0.38782515210470914,0.8058392429632137
8,31,Q,0.04842912591947157,-0.019212929888153818,-0.22310239434242396,-0.255038749144868,0.0881400670640955,0.04405160332729352,-0.07156778213949777,-0.025803644553692884,-0.25208491230722463,0.01898001818531081,-0.10695113122812194,0.09599085346007774,-0.13455417317754992,-0.023499021219341998,-0.020629458853195226,-0.06633633117585669,-0.2337064007328793,-0.2905379098838803,-0.20898359803049926,0.1616670773869937
9,7,M,2.69946582572471,2.1643741619628907,2.690051756286397,0.9799022532093431,1.5140075339671706,2.065136901483738,2.578626732211382,0.1995585160224711,1.9993024551112628,2.629204331143845,0.20809626865491193,2.1099153628989185,1.2460130666665503,0.4040897902295153,-0.13199699082802852,-0.4908064679616433,-1.1323399482594643,-0.5034389506686043,-0.007533597977835704,2.022513498173382
10,8,L,0.22750745824757312,0.2579598656313278,0.8115584804104685,0.09943161394290811,0.977448594856885,-0.23607106195580685,0.0771577898400928,0.09729934480159041,0.21563161921047524,0.16537097001478807,0.26125637397187274,0.0036477752065182667,0.11234943281131593,0.05253494644046697,-0.590935684877798,0.23368976410345565,-0.08773310169537551,-0.27853032713964354,-0.18008185014094358,-0.3314967996983218
11,6,H,0.4321989817974965,0.7763304607900456,0.03898017376178409,0.19756964941879884,-0.0012755189340412088,0.30642702214092843,0.5954898111640368,0.3787133188191414,0.6212629753103729,0.1655796064752999,0.2619177837291429,0.5292831065522599,0.706945652918251,-0.2105552542417637,-0.6437264972662731,-0.07739293347388654,0.13238802300354724,-0.3791585829037638,-0.2000370340192954,0.8470256099956925
12,3,D,1.9348763969687415,1.7183768755665199,0.6829012810428028,0.5612459764365754,0.44354678400031644,1.6712498683468322,1.5195312942368098,0.8231575843332644,1.5319345728094185,0.3856743388565773,0.5797933190334639,0.6186200095339203,0.28859304757594484,1.0466211374224978,-0.013274033474075964,-1.025489163912658,-0.4524375258765181,-1.0209431256855659,0.1333050445687085,1.2243289798246357
13,2,D,0.24242148602348546,0.1389035111866177,0.23886770332819274,0.30334722236334044,0.458133103863807,-0.005654517183493857,0.09063845244557767,-0.08088621214604386,-0.08934957936128374,0.10062481242923105,0.12225700380120141,0.09280379071621248,0.04510706425634714,0.013034328841541765,-0.10664449086164818,-1.4791251966350671e-05,0.1207094265530726,-0.012247648708359593,0.24547881368813007,0.21616236371257114
14,25,I,-0.022559893098583528,-0.20022153891464822,-0.018622537762901903,-0.06258449969426572,-0.08748721941948157,-0.034305507437327964,-0.02335834215338406,0.03500317456331814,0.0985112904682639,-0.12421052991087556,-0.23316174243416377,0.07296142838745467,-0.03827366788718689,-0.042970519410985286,-0.17920226165593078,-0.09770038308628437,-0.00971703898905174,-0.17165557068380055,0.06219581843863864,0.09599173808881778
15,1,N,1.218553492353618,0.9960943162244185,0.8363751701922206,0.7492237162678734,0.47711138855126767,0.8167179176579036,0.7090749565548038,0.3940713781972469,1.029384727891782,0.7388479087457769,0.5127906113170482,1.3237352558987248,1.028105557609593,-0.16068082314671916,-0.5417073434355535,0.03669715507379068,-0.7692205266488616,-0.7746913242184501,-0.3483463734045653,0.940798139112351
16,12,L,0.2058143432976336,0.0656844782263919,0.5228444893975583,-0.16321921206146683,0.34700430269531246,-0.09405257784525012,0.2811913646410902,0.20710323708548706,-0.05944342125836388,0.1844981620086925,0.40187385671406295,-0.2377708054074854,-0.05045969444817122,0.1852571323595722,-0.2808554587880785,-0.3241991859791655,0.07827117214057,0.06025128251383549,-0.41922824065985576,0.00041004785220200013
17,4,E,2.2326429134716834,1.2853412171577139,0.9747474479757325,0.23052008823699222,0.4303856599636078,1.6593457247377672,0.8795658261088442,0.49929859859861403,0.7486724307113284,0.619460518467456,0.3261963795164331,0.9691599170579765,0.3238981480831684,0.5913845033637337,0.5822150653284677,-0.10041576574987188,-0.14824411954100225,-0.08374393134273106,0.007995761194839579,1.2441084007874532
18,11,D,1.0004919627498647,1.055022178068514,1.1519063804266245,1.0136661046055098,0.7640357272365381,1.0229697677993075,1.0791757304831966,0.7928877656441911,0.9335565199604521,0.701351826877934,0.15882689152448592,0.32982368876737356,-0.342456157851589,0.7019361306185328,-0.05189590481656725,0.39907040016037154,0.3025740933547445,0.26340086124330564,0.6138519617729068,0.9921618807890094
19,35,L,-0.2610722849817957,-0.2617378220087614,-0.33559637863956127,-0.4365969254501191,-0.332625203871064,-0.20043660775345806,-0.06599599569541525,-0.08699731418321632,-0.06987378569236924,-0.37411181147981454,-0.5733538548128725,-0.2612245343412538,-0.3300805614837976,-0.07079058446032183,-0.2771483372366996,-0.2528839563175471,-0.1597370617040179,-0.054617664991072123,0.028338176190706443,-0.2591504234596458
20,14,Y,3.174859465973255,2.8865364189157754,2.601624817900366,2.0684391464647067,2.3300478932746955,2.7320633549895383,2.9944053388794685,2.15338754279532,3.054484180786133,2.543015398269067,1.8968353127298916,2.6941893906347776,2.1388329107672686,2.2772947343663255,0.9019487040151917,0.8237850625246652,0.40459236400774556,-0.5381258286187811,0.10701527082107298,2.8914824581882974
21,26,K,-0.014421087359564266,-0.03071544270814286,0.022478022296573474,0.03757409111544807,-0.0017698434160517973,0.16247138625332336,0.13299240266733725,0.005772213179352503,0.028518282748876356,0.05092935011355726,0.059847065361569474,0.012320104194297299,0.028057255973999773,0.037490701339311316,-0.004620165983942881,-0.28961655488125393,-0.1743110876284295,-0.6094331124903498,-0.3372562681666115,0.48755883936882705
22,29,V,-0.04937303472488308,-0.15855898231343923,0.00655241787189631,-0.130735306829302,0.13450903768171152,0.003913989920776961,0.2445259677645073,0.07464959427009932,0.1518620216422497,0.26544620871630387,-0.009965820895269983,0.04300775031641679,-0.06612694870006375,0.25514638038287285,0.0824371361982108,0.01683346088163029,0.06091981841970551,0.2737875301334787,0.3688347504095595,-0.09972887004533082
23,24,E,-0.09055827307883924,0.04974501055512204,0.09030307270872373,0.16326242573525396,0.005996071924109003,0.07155729883274198,0.01679091580252212,0.05615960879725157,-0.0012561570575622127,0.11843247471029517,0.24999365760026016,0.11844762181061452,0.021913411479062894,0.13896243134814457,0.04908895090658194,0.012992619011553908,0.18589514948473007,0.0298763962135149,0.005250142823772563,0.009631961291981073
24,18,H,0.0024654814025266703,0.11071033895333371,0.06404667033883493,0.04771206936236916,0.13666735092686988,0.05737745356838109,0.08565093143810332,-0.1158327572386344,0.016192782092382618,0.1255487056370419,-0.11302212368086773,0.047520355554358185,0.17742072180221657,-0.15133003020786706,-0.342849005467051,-0.05969891410969952,-0.2571009912618176,-0.7843747251789581,-0.19658086310529477,0.16149616499073605
25,16,A,-0.005073419790074363,-0.11991089567307056,-0.04828028741613166,0.0009421290776299163,-0.0469309610044184,-0.09692351460512572,-0.004050198054357024,-0.0028554035693009183,0.1398278959738335,0.0737550008797625,0.031097600899856692,0.00018124376689532262,0.09765973290037144,-0.08753387218358455,-0.12233762641719625,-0.014867902534062338,0.19420463605086669,0.1144985989730063,-0.10325576272377468,-0.2143238655166504
26,21,K,-0.04440473994652039,0.05641145858895036,-0.09349238325959419,0.137475647669546,0.06171643163914364,0.1630615211876325,-0.08017047945974465,0.011034987928415951,0.11077578223407669,0.12142538444228834,0.014337044091152107,-0.0006783728435406644,-0.05370826876360324,-0.0311708736639158,0.06329403733952188,-0.06125615961394182,0.08921544784876811,0.07550613478983403,0.09588668529208366,0.10367206994707834
27,38,K,0.11846082260599178,0.14168240908045626,-0.021530752172253198,0.12546010401773566,-0.0468904679474107,-0.05566492937884271,-0.11154264539388903,0.2512134151035761,0.14971063230422277,-0.24484122386945129,-0.06297178046535001,0.14081158973114416,-0.298733424919994,-0.16599832863077224,-0.11496959683042185,-0.0019821730820086536,-0.05069146857102558,-0.07119708974560113,0.010364980531564427,-0.0929144093867118
28,32,L,-0.0029102100164146716,-0.25524578724458635,-0.19573795017388718,-0.3046501790302565,-0.3588949149958369,-0.03860601785517925,-0.018687719294572913,-0.06942482407078976,-0.05385566039498069,0.022444487666408497,-0.36789553568233413,-0.10644387613422568,-0.09955145535454668,-0.41112309332442254,-0.048692545913020524,0.10592257538804617,0.04526126146034515,-0.08839355843317653,-0.1331586456584315,0.006422762641004054
29,15,E,-0.057785026030178654,-0.08844265024234299,0.3037348134597351,0.18626350683457638,0.23956900257844183,-0.06480250070471327,0.1848670475827212,0.2571583530091799,0.37212401651805216,0.13745807061195725,-0.02767137390908858,-0.05942252745948462,0.1281642161350569,0.19565118391384817,0.16524813769702007,0.06983841557524029,-0.10393907360268151,-0.3479007419295608,-0.14627201661289413,0.12727411968200086
30,41,K,-0.1287169820687326,-0.09655992547841663,0.07479757151911204,0.0826405320449699,2.283505812750164e-05,0.08618992280521764,-0.16734923240104527,-0.14658020558970164,-0.009674208349963909,0.020678117903000448,-0.05319145803208403,-0.04253097523062266,-0.05021635767146404,0.0698228762809554,-0.19689144171828432,0.029620817841955693,-0.18905401613300699,-0.14675199649354553,-0.047395550010562726,0.1676591518235251
31,22,D,-0.05522497575315333,-0.07112637664588739,0.13454590597473803,0.14042039600310763,0.05931897880206427,0.04427751543278591,0.011528992222750167,0.05100747499495384,-0.08792743632367284,0.14679992730411673,0.0067794874481348355,0.06093108793362356,-0.04771164010728901,0.043436711115756754,0.01945820209435878,0.032531187632392156,0.04852800047273309,0.05098771317892381,0.10352500411357024,0.1222342568510526
32,37,D,-0.23171967320716913,-0.23146586858020646,-0.2862219671969317,-0.6495293345128414,-0.7195557722408747,-0.3457022241784843,-0.042204948866997216,-0.7215237727084637,-0.17882725950130984,-0.5859255936564707,-0.5823302103540899,-0.38319996256892297,-0.570475721624502,-1.2821683569024407,-2.2122335969400866,-0.6693462710473124,-0.8555943021201257,-1.1958160184755018,-0.870955750053666,-0.8535153367025919
33,10,T,0.6638030304373532,0.0993132862203463,-0.21817505809493243,-0.6687618779689755,-0.6368770558860526,-0.04764384891425166,0.18606203045097036,-0.6905473646845339,0.016883870749792917,-0.11686622510493327,-1.0876728399525284,-0.23539844294541856,-0.31329004881890965,-0.7190261576856019,-1.6284721316464559,-1.0812094448992136,-1.7277238012910383,-2.3392057566380013,-2.35267190392502,-0.017766422661965597
34,17,L,0.17924961161319186,0.32141044280882825,0.1514858514280828,-0.16395057273644076,0.0581618800996162,0.3797453034784193,0.18124584770810825,-0.4078034587813604,0.2832129932433467,0.2560856210312277,-0.2233600089020562,0.3032551277736584,-0.02063326744875371,-0.06464737579359481,-1.3355762514820697,0.1825128852274418,-0.18877282255142713,0.4392863349492868,-0.07386686647547624,-0.12405950233150342
35,9,M,0.6397119115031207,0.026300689220754014,-0.24074387465894143,0.3745682805394073,0.001408774158540238,0.42665515149675204,0.40173848936144374,0.8758324838674951,0.6393254447005094,0.5323513099524118,0.24598179394111908,0.6496347811071623,0.14411801345310016,0.44074388794268393,0.40796148117074016,0.3460084272105859,0.47048019262094365,0.1677293567543603,0.2604357191013873,0.5390916000836958
36,33,F,2.8642267360413305,2.5700575216075405,1.8277578831993269,0.7070974678790052,1.4898228181327013,2.7579107452892604,2.1403406820348625,1.2774887596014364,1.941300436066869,1.7858909801063008,1.5589373350986957,2.123235625435831,1.2490802441211237,1.498688253774314,1.0507323250754836,1.0019436968202204,-0.11234858785359614,-0.5422705242371304,-0.0022562279205846636,2.6660490922391857
37,28,R,-0.03063283355433155,0.14746763389140516,-0.13863770212131865,0.05212192235282065,0.011446634057684424,-0.02847443890782797,0.06925205680245461,-0.1474605505121349,0.07522791680715879,0.1042732043662461,-0.14559796895145594,0.08409688330350651,0.004593295850087609,0.06823871181488728,-0.10380515052774375,-0.08083616882245448,0.0620684303401966,0.03790031955571149,0.07502578822471828,0.07203969163050705
38,34,E,0.17124249648185663,-0.11397743966404383,-0.018774499896923702,-0.464682908238194,0.04086568150301462,0.34691274376876713,-0.03997945829744265,-0.4850999301891785,0.05726076887943177,-0.4497373990386655,-0.604631059618457,0.06937445985266177,-0.27627873682736337,-0.5606545987332855,-0.9637441532486868,-0.5446486374497435,-0.7362081301835346,-1.6884111894476315,-0.5364322509723376,0.39948985458050923
39,20,A,-0.06662700459192572,-0.23829259399122726,0.056527764732513974,-0.11263424516591192,-0.06837338488518241,-0.08945487420922693,-0.10811496637220275,-0.20631098111083412,-0.08889613449802991,-0.041591537408672385,-0.2166360771350423,0.03577910776452908,-0.10921022263497471,-0.063937238503331,0.02265655866241878,-0.08526244618489831,-0.09206861404504618,-0.05762601156642955,-0.04281012578568988,-0.019710872870455143
40,36,A,-0.5123816931149423,-0.01774882425582658,-0.46815038538055,0.07450125270759633,-0.42355832415024475,-0.32334423118571864,-0.11574340070986477,-0.21505749168374844,0.07145593066559819,-0.2749185241280765,-0.011127907500811052,-0.21699021250829653,0.22077315923434715,0.03842433971472081,-0.060261405459803186,-0.21336258561530475,-0.08834066800440343,-0.3783614812829137,-0.2731967356434635,-0.36258255685952934
