	rId_lcb	rName_lcb	rId_rbd	rName_rbd	total_mean_dG	total_std_dG
152	3	GLU	475	ALA	-1.351529068948148	0.7997157949243522
153	3	GLU	476	GLY	-2.156792766540941	1.3901297670220072
154	3	GLU	477	SER	-2.699009868775976	4.78829855579009
159	3	GLU	487	ASN	-7.909700167581182	1.9916356036755665
218	4	TRP	486	PHE	-1.7783186043883883	1.1074986951953416
219	4	TRP	487	ASN	-1.0247305555539539	0.3809996171354262
332	6	LEU	475	ALA	-1.3284273913137137	0.48026188241588336
341	6	LEU	489	TYR	-2.9145792702126125	0.66263989312599
398	7	GLN	486	PHE	-7.924970751241641	1.2824130761377053
399	7	GLN	487	ASN	-9.78773418836036	2.400250721848421
401	7	GLN	489	TYR	-9.610100582373573	1.9350150909929738
565	10	TYR	456	PHE	-1.3814206336128128	0.48880104064006225
576	10	TYR	484	GLU	-1.6457273588972972	3.174240756066617
581	10	TYR	489	TYR	-7.591209890426427	1.0756313266847417
582	10	TYR	490	PHE	-1.0728916956708707	1.0300310887799873
744	13	MET	455	LEU	-1.1552931707315315	0.4925099761414024
765	13	MET	493	GLN	-2.7816540317117115	0.7713650307666721
816	14	ARG	484	GLU	-4.606087855597997	5.4654662259925875
1313	22	ALA	501	ASN	-2.0452277647703703	0.5694442418700455
1373	23	GLU	501	ASN	-4.887549259582783	1.898798030784666
1377	23	GLU	505	TYR	-5.947768561355756	2.2605502782983495
1485	25	SER	493	GLN	-2.4909181301069068	2.2179724991161245
1500	26	MET	403	ARG	-3.73319806465986	1.1796994648760661
1510	26	MET	417	LYS	-1.036931605845045	0.9987919382300691
1522	26	MET	453	TYR	-1.6132486495415415	0.8915491450435741
1545	26	MET	493	GLN	-1.8536032990054054	1.5419933253045812
1547	26	MET	495	TYR	-3.9331465956116114	0.5847514587087824
1553	26	MET	501	ASN	-1.7244961725021022	0.5519347478652038
1557	26	MET	505	TYR	-3.251009041078679	0.8390999063766449
1617	27	ARG	505	TYR	-4.778600171934334	2.214130317395032
1690	29	SER	417	LYS	-3.004897178042042	4.384638437420861
1702	29	SER	453	TYR	-1.3928487175551552	1.6159654109656298
1704	29	SER	455	LEU	-2.810886964712713	0.5806734332663558
1725	29	SER	493	GLN	-4.271430194395195	3.4223837855379666
1740	30	ASP	403	ARG	-1.8495281348932933	2.8898636749706896
1750	30	ASP	417	LYS	-13.99545640236957	3.802604549821436
1884	32	ILE	455	LEU	-2.648724356908108	0.7113593345951874
1885	32	ILE	456	PHE	-2.436987082234234	0.4523541966200741
1929	33	TYR	416	GLY	-3.539571086592993	0.7606452751129691
1930	33	TYR	417	LYS	-5.8964245270518525	1.0417764913143575
1933	33	TYR	420	ASP	-9.337687344386786	2.6224238480438204
1934	33	TYR	421	TYR	-2.7341601087175174	0.5702280558014249
1944	33	TYR	455	LEU	-1.7355247244908907	0.7948407808973154
2114	36	MET	421	TYR	-1.1804336867507508	0.8410479322715678
2125	36	MET	456	PHE	-2.2206859131555556	0.9048946054438606
2130	36	MET	473	TYR	-1.559807144072873	0.7593306917651989
2168	37	LYS	415	THR	-1.266455559654054	2.2058567703395666
2173	37	LYS	420	ASP	-1.9145068075435436	3.053182443773765
