time	total_energy	polar_energy
500	-1.9085559144	-0.019194
501	-1.1473011744000003	-2.638058
502	-1.7162984304	5.778614
503	-1.0599543848000001	2.969534
504	-1.7759308416000001	2.32636
505	-2.1494421847999994	2.660146
506	-2.1336792832	2.137304
507	-0.8084814479999999	0.473758
508	-1.2455582832	1.230808
509	-1.3250448984000003	1.631198
510	-1.0116310744	2.490424
511	-1.5240932512000005	6.170964
512	-1.8030105751999999	-0.067906
513	-2.1820750263999997	3.828056
514	-1.8649292568	4.011856
515	-1.3841698839999999	-0.716228
516	-1.5173840855999998	3.97302
517	-1.8576794151999996	1.601004
518	-1.3720782343999998	-0.817338
519	-0.23813558480000008	2.971892
520	-0.9805957895999998	-0.49952
521	-1.9821754431999998	2.378312
522	-0.6185152623999997	-0.712066
523	-1.0725382839999997	-0.682642
524	-1.3976383968	3.56106
525	-1.9027023672	2.069552
526	-1.7354578536	1.850272
527	-1.8387994056000003	3.96428
528	-1.3098649776000002	1.632216
529	-1.7048140256000006	4.795074
530	-1.2282251064	-1.528978
531	-0.5562820127999999	2.64481
532	-1.5933812904000004	3.222946
533	-0.5993084848000001	1.494724
534	-1.7042982256	-0.567332
535	-2.3718742079999995	5.741236
536	-2.0195150487999998	-1.867516
537	-2.868218636	5.379284
538	-0.7419478368000001	1.347462
539	-1.2838681424	0.764472
540	-2.2847869671999996	6.601424
541	-0.3708140919999997	2.038768
542	-2.45344078	1.672166
543	-1.4441009960000013	8.276126
544	-1.3713671695999998	0.437626
545	-0.796107124	-0.919292
546	-0.7661509272000001	-0.659784
547	-0.8099683039999996	5.267232
548	-1.1120400872	2.02729
549	-2.659448448000001	6.905576
550	-1.1853090080000002	-0.699244
551	-0.6830756871999999	-2.58004
552	-2.0611672432	3.572842
553	-1.3732824192000002	-0.274448
554	-1.1356036576000001	-0.917456
555	-0.8423835216	-1.679814
556	-1.1761003912000003	-2.12121
557	-1.3845468912	1.549236
558	-1.7438415576000006	5.617518
559	-1.8091970552	2.402572
560	-1.0592423327999998	-1.220756
561	-2.1130670160000005	3.82158
562	-1.242776428	4.565654
563	-1.8377586415999998	-0.380216
564	-0.6814039000000001	-1.523752
565	-2.450769684	-0.186216
566	-1.4436186784	0.80863
567	-1.1063897008000003	2.260824
568	-1.0837100336	1.506318
569	-1.6191574639999997	1.827032
570	-1.9147355127999992	8.849382
571	-7.380952327999999	7.06379
572	-1.081227568	-3.13601
573	-0.6755446736000006	-4.023506
574	-2.45838584	3.177838
575	-0.5844179247999997	-2.534142
576	-1.8114708783999995	8.341116
577	-1.119946651199998	9.644068
578	-0.9589821503999997	6.198426
579	-2.1682891959999995	12.69018
580	-0.9300246096000013	8.054324
581	-0.7137119928000009	8.174274
582	-0.7442901975999997	3.34228
583	-0.7864196688000005	4.677042
584	-0.49651875519999994	-0.424188
585	-0.07768998079999995	-0.15944
586	-0.5513225216	2.31936
587	-0.3102198287999997	3.832542
588	-0.54679858	0.205398
589	-0.6846933303999998	6.966214
590	-0.6956474272000008	7.65457
591	-0.9697113152	8.196148
592	-1.667570051199999	11.86452
593	-1.7510777304	10.927198
594	-1.6610797840000013	11.940358
595	-2.1394506943999994	10.808398
596	-2.6514703544000002	13.445166
597	-0.7898627407999997	3.12533
598	-0.6108960839999997	6.301964
599	-0.1894213207999993	4.798986
600	-1.6542076247999997	4.29403
601	-0.38402426080000013	1.17245
602	-0.8981195152000003	7.869574
603	-0.7407932583999999	4.264048
604	-0.14011810000000002	0.269714
605	-0.9743591823999999	5.584304
606	-0.3924597968000007	4.196536
607	-0.40694821439999995	1.626112
608	-0.4062199704	2.801982
609	-3.7100780944	11.992416
610	-4.7437836456000015	12.262728
611	-0.5866780623999998	7.631924
612	-0.4254724496000003	4.484044
613	-0.10873888959999994	-1.179668
614	-0.4769829568000003	4.904102
615	-0.4445736480000001	6.010828
616	-0.44060981280000056	4.978234
617	-0.8442384640000002	4.81186
618	-0.6211577319999998	3.269606
619	-0.4357158368	3.132994
620	-0.18965029439999986	1.979552
621	-0.5225837360000001	3.706194
622	-0.40378038639999947	4.581632
623	-0.06918469279999998	0.731266
624	-0.6194770903999992	4.766478
625	-0.606356491199999	4.75806
626	-0.4825582087999998	5.780296
627	-0.3779053743999998	3.25586
628	-0.7772319103999994	4.910496
629	-0.48239480639999976	3.95742
630	-0.4155024991999997	3.0652
631	-0.6212793951999999	4.633324
632	-0.2905254711999993	5.893314
633	-0.8465096463999996	9.449016
634	-0.3581831200000002	3.295236
635	-0.4272627863999998	4.949258
636	-0.6019835144000003	4.443636
637	-0.34068234159999977	3.634614
638	-1.3009016791999994	12.345272
639	-0.8261526664000006	3.62071
640	-0.33362117199999997	0.858646
641	-0.11270200000000008	1.439598
642	-3.0790196344000007	5.516006
643	-0.45529882399999966	5.796826
644	-1.4588093088	6.566738
645	-0.7362443296000001	4.497702
646	-0.4389801216000001	1.481566
647	-0.4341733256000001	2.869624
648	-1.2754035071999992	4.939624
649	-1.3289955719999993	9.475942
650	-0.8197195311999999	6.669502
651	-0.6167326728	4.08186
652	-0.5120372720000002	2.37321
653	-1.883717322399998	11.292986
654	-0.7961474311999996	7.653602
655	-0.5090570847999999	4.611472
656	-0.6164659783999995	4.05041
657	-0.9624475784000011	10.46847
658	-2.0221426816000005	5.381976
659	-0.9436753191999999	0.063422
660	-1.1890520543999998	4.010378
661	-1.1026629096000002	2.382908
662	-0.6079922520000001	1.493376
663	-0.8905394047999999	-1.019048
664	-1.6616392807999998	2.756296
665	-2.0687344224	2.750278
666	-0.8594660199999999	-0.29516
667	-1.416476248	-0.504518
668	-2.2188722832000005	4.125024
669	-0.8249289039999999	-0.437602
670	-0.8464987568	-0.257452
671	-1.2655464808	3.34049
672	-1.9310035655999997	2.561516
673	-0.9374579376000001	-0.602398
674	-1.5135097728	0.19008
675	-2.8968103352	12.261428
676	-1.6786139032000003	7.180364
677	-0.2684423352000002	2.68389
678	-0.5453607967999989	6.017134
679	-0.6077737223999994	5.170892
680	-0.11872800000000039	2.740922
681	-0.31370299840000093	4.727256
682	-0.09928600000000021	2.211086
683	-0.3165285087999997	4.8021
684	-0.11597400000000002	3.004998
685	-0.18126106320000032	3.108246
686	-0.1862596735999999	2.977046
687	-0.18516399999999988	2.11608
688	-0.46715727279999997	3.030688
689	-0.181832	3.065262
690	-0.12127800000000022	2.702536
691	-0.3872782608000004	2.622934
692	-0.3934638136000005	4.38371
693	-0.6889827471999995	5.455266
694	-0.45772964719999965	2.471506
695	-0.9426270807999988	5.465518
696	-1.6071527704000002	5.636842
697	-0.6620510551999994	3.799596
698	-0.58912374	5.190434
699	-0.6445020999999999	5.467558
700	-0.24606215919999996	3.195806
701	-0.6538513343999997	6.115122
702	-0.1695574528	2.9543
703	-0.3156905623999999	3.491394
704	-0.12069200000000002	2.382918
705	-0.7808824424000002	2.615768
706	-0.37117178399999984	5.14885
707	-0.2276219743999996	4.963642
708	-1.0024402863999997	6.3903
709	-1.0367037320000003	4.187104
710	-0.23634578479999982	3.246156
711	-0.13232487840000007	3.064206
712	-0.28342180159999986	2.745652
713	-0.29681748239999983	3.13064
714	-0.1533859999999998	2.88543
715	-0.17194536800000015	3.357542
716	-0.1254109359999996	3.5257
717	-0.21306695440000006	2.51402
718	-0.33934589999999987	3.737924
719	-0.3551951136000011	4.345628
720	-0.11379399999999995	3.210348
721	-0.18944399999999995	2.424038
722	-0.21943870719999958	3.673128
723	-0.3831442447999997	4.117816
724	-0.33154273760000036	4.744236
725	-0.3462987303999999	3.175224
726	-1.782492167200001	6.042628
727	-0.5706959912	3.077636
728	-0.4012165256	2.374314
729	-0.5871565207999998	1.845984
730	-0.6885231663999998	3.693198
731	-0.6518886255999996	6.878446
732	-0.7837508296	6.482588
733	-0.5285126544000001	6.937526
734	-0.7735921383999995	7.475996
735	-0.6442031824000001	7.245868
736	-0.7553906415999998	6.408322
737	-0.3544647824000005	5.882224
738	-0.2161420000000005	6.031872
739	-0.26938847439999947	5.052766
740	-0.18135145519999982	2.620732
741	-0.3734677279999994	4.320744
742	-0.24185699840000036	3.64606
743	-0.5460414536000002	3.104084
744	-0.7528109184000003	3.46866
745	-1.1389582103999998	5.369604
746	-0.6587234208000003	4.816116
747	-0.24795676800000038	2.721122
748	-0.8883059672000002	5.092498
749	-0.15200199999999997	2.811706
750	-0.16157999999999983	2.922458
751	-0.34347323920000006	3.31964
752	-0.3339403960000003	3.616154
753	-0.27395267999999984	3.59017
754	-0.2408423704	4.316636
755	-0.3975923119999999	3.45939
756	-0.1583539152000001	3.574966
757	-0.2455799848	4.206036
758	-1.0942856375999994	5.611884
759	-1.2009985888	6.259998
760	-0.4818772175999996	5.021574
761	-0.8355251224000004	4.797946
762	-1.0302675239999997	3.821266
763	-0.21659640319999957	2.97915
764	-0.18620293600000024	3.448168
765	-0.1723480000000004	3.04925
766	-0.21453482080000008	3.708306
767	-0.879901927200001	5.161802
768	-0.26243859999999974	3.900068
769	-0.3401392040000003	5.582594
770	-0.2091391055999997	4.460012
771	-0.17658689039999922	3.842868
772	-0.2970927080000004	4.208956
773	-0.2857488968000004	4.817568
774	-0.9391561215999994	6.581632
775	-0.37787903440000004	5.697078
776	-0.6747211791999999	6.950858
777	-0.7216860711999997	6.676268
778	-1.0088768408000002	6.601482
779	-0.28348487120000093	5.908452
780	-0.4921868376000003	6.320588
781	-0.25077526320000026	5.261204
782	-0.35022790079999955	7.120656
783	-0.8664688320000002	6.93586
784	-1.0665362	8.632498
785	-0.5621996872000001	6.802604
786	-0.48428457439999933	6.993182
787	-1.0030354088000002	6.533272
788	-0.6838884335999998	7.91392
789	-0.2995177624000005	6.436596
790	-1.745198964000001	10.882152
791	-1.9844359216000003	9.144246
792	-0.5879724144000007	7.728336
793	-0.6703025936000004	7.725182
794	-0.4754908567999997	7.743946
795	-0.5998056655999993	6.699238
796	-1.0742779783999996	6.429342
797	-0.41201248319999995	5.264056
798	-0.6382576431999998	6.19453
799	-0.8062555007999992	7.093594
800	-0.9531449039999995	6.467932
801	-0.34590353839999965	5.770598
802	-0.26631768160000047	5.294128
803	-0.6114781728000007	6.643418
804	-0.36906986560000016	4.858082
805	-0.6507258456000005	6.317168
806	-0.6686025615999998	7.133744
807	-0.20700694399999992	4.492574
808	-0.2356868864000007	4.25639
809	-0.1894397247999996	2.92917
810	-0.17175220159999954	3.982056
811	-0.4699557175999996	4.483036
812	-0.3402433079999996	7.056534
813	-0.3554922463999995	6.10944
814	-0.8038432488000006	8.151602
815	-0.6246267312000002	6.225826
816	-0.8614486767999998	6.697916
817	-0.6924415679999993	7.597976
818	-0.4671375423999994	6.76064
819	-0.8168129368	7.299482
820	-0.19713961600000035	3.314212
821	-0.49140098079999905	4.396696
822	-0.43586495440000006	2.949698
823	-0.9903935320000001	3.684246
824	-0.2025520000000003	2.967416
825	-0.36233518799999953	4.424936
826	-0.9679966943999995	5.166642
827	-1.0051608479999998	6.118164
828	-0.9316107407999998	3.528498
829	-0.7672377999999995	4.155982
830	-0.29672181119999996	2.148324
831	-0.9269858480000003	2.18592
832	-0.8067067055999996	3.55555
833	-0.7453626615999998	4.797252
834	-0.4577274416	3.735198
835	-1.4729263936000003	5.007984
836	-0.8427574896000001	2.803232
837	-0.5818243128	3.076276
838	-0.5439333679999996	3.474422
839	-0.3338876007999998	3.553046
840	-0.8683512767999997	3.05033
841	-0.43694657920000013	3.135262
842	-0.7267419631999998	4.256502
843	-0.4142621496000001	4.618418
844	-0.2571069671999996	2.374416
845	-0.40529311600000006	4.88251
846	-0.41709042880000036	2.9012
847	-0.17970574159999975	2.763348
848	-1.1280473439999996	5.141274
849	-0.47294314079999994	2.88143
850	-0.3078335272000001	3.345522
851	-0.2365753288000002	3.631884
852	-0.4295912951999995	3.220794
853	-0.3388656167999996	4.716872
854	-0.20244223280000043	3.317672
855	-0.1746951792000001	3.765414
856	-0.18577363519999995	3.042046
857	-0.4326815127999998	3.832282
858	-0.4233885839999999	3.554758
859	-0.2044455952	-0.194732
860	-0.6561369327999999	5.327078
861	-1.328505492799999	5.827874
862	-0.5282781135999997	3.91145
863	-0.34200326479999993	5.172034
864	-0.35295725840000025	2.94893
865	-0.3226233528	3.342486
866	-0.2824310767999996	3.59998
867	-0.2566203471999998	3.212276
868	-0.197909804	3.366136
869	-0.4446202335999998	2.559464
870	-0.7132839071999999	4.905264
871	-0.12374399999999985	3.001572
872	-0.16556128800000003	2.962292
873	-0.2775726960000002	2.820392
874	-0.9731284735999989	4.210708
875	-0.3736327879999996	3.840712
876	-0.2588724736	1.976988
877	-0.16220301120000058	4.443566
878	-0.5852182472000003	4.794164
879	-0.09802799999999978	3.475534
880	-0.21829470960000008	2.3783
881	-0.27154290560000005	4.081936
882	-0.18005183520000057	4.086018
883	-0.21049756000000014	3.195464
884	-0.29596433599999983	4.070196
885	-0.2621587423999997	3.699924
886	-0.3040257743999999	2.355456
887	-0.5193130335999998	5.147664
888	-0.16540399999999966	4.284284
889	-0.3396543928	3.404874
890	-0.27930315119999904	5.069154
891	-0.32460001199999977	2.865838
892	-0.3909004376000008	4.632332
893	-0.3563496647999996	4.866602
894	-0.12007600000000007	3.291884
895	-1.1485405999999996	7.454676
896	-1.2077031063999994	4.983348
897	-0.42173797599999985	5.897586
898	-0.11617600000000028	2.80551
899	-0.18684424400000021	3.440174
900	-0.2053062936000004	3.1355
901	-0.5028112767999999	4.22991
902	-0.6082705112	4.101928
903	-0.5501263063999993	4.229758
904	-0.6706711632000003	3.389948
905	-0.24870871199999992	2.58231
906	-0.45118794480000013	3.32897
907	-0.43099275359999994	1.863124
908	-0.13672839199999992	3.505098
909	-0.2964674335999997	3.883146
910	-0.20184197519999963	3.650526
911	-0.30685373840000046	4.182836
912	-0.1922579287999998	4.025478
913	-0.2762109295999996	2.346452
914	-0.43468169759999975	3.25046
915	-1.724567076	7.214506
916	-0.18093631680000008	0.914788
917	-0.3986862047999999	2.305898
918	-0.6412616175999999	2.938348
919	-1.3852558832	5.650454
920	-0.5562284976000006	4.543492
921	-0.6561811952	4.015962
922	-0.2668741431999998	2.772032
923	-0.4663276143999999	3.594498
924	-0.16399721279999985	2.741112
925	-0.22849079999999966	4.777382
926	-0.3457477568000001	2.288572
927	-0.1707076352	2.282954
928	-0.3767178608	3.253882
929	-0.3613236072	4.024734
930	-0.4315500431999999	1.773254
931	-0.25928567680000003	1.490554
932	-0.17260621999999995	0.266442
933	-0.6717235776000006	4.194678
934	-0.8292780767999989	4.447656
935	-0.4453375031999998	2.570396
936	-0.2180270032000001	1.844546
937	-2.5492430759999998	1.837532
938	-1.5332024847999999	0.03534
939	-2.2527538671999996	7.938692
940	-0.7597675879999992	8.432446
941	-1.0276733336000006	7.046786
942	-1.4466954511999992	7.319382
943	-0.49231488480000024	6.757332
944	-0.9137021311999998	2.369828
945	-0.9352695224	7.723012
946	-0.23755926239999925	4.281456
947	-0.421762976	5.47562
948	-0.33942970080000057	4.819736
949	-0.19873999999999992	3.585662
950	-0.3336042368000002	7.458646
951	-0.4014840495999997	5.209492
952	-0.29117262720000026	4.650184
953	-0.5181132248000003	6.010116
954	-0.1880879999999996	3.334874
955	-0.25269741439999993	4.765386
956	-0.20919000000000043	4.934094
957	-0.39368465200000013	5.58483
958	-0.1927159999999999	5.364506
959	-0.16257741040000023	3.229014
960	-0.25873708399999995	3.379454
961	-0.11329199999999995	2.80492
962	-0.1994571544000002	2.420464
963	-0.21559939280000007	2.929166
964	-0.11487400000000003	0.778778
965	-0.19125611039999948	3.31774
966	-0.7301153752	4.74463
967	-0.2678277672	1.583336
968	-0.1982916879999998	4.876442
969	-0.5093306128000004	4.184206
970	-1.1988785848	4.975828
971	-0.482970923999999	4.475012
972	-0.16684165519999977	2.040074
973	-0.3408915231999997	3.754508
974	-0.3079449080000001	0.8003
975	-0.5536232448	2.637306
976	-0.12221599999999988	2.165374
977	-0.21534349359999985	2.596182
978	-0.23254602239999994	2.578072
979	-0.4226656159999996	2.575362
980	-0.38434604080000007	2.766012
981	-0.5586141992	2.729072
982	-0.31375905439999985	3.021106
983	-0.40611581519999995	2.062952
984	-0.1306940000000001	2.91838
985	-0.14202800000000027	2.674584
986	-0.2555090135999998	4.040232
987	-0.2770393064000001	3.103228
988	-0.11024304799999957	3.211936
989	-0.24024053919999996	4.24711
990	-0.09048600000000029	2.219836
991	-0.25019879199999917	4.73446
992	-0.3212738032000002	5.1809
993	-0.6475071352000004	5.556584
994	-0.42182987519999987	3.083438
995	-1.0561839295999993	4.743056
996	-1.3088827568000005	4.894604
997	-0.6805859440000004	4.108404
998	-0.5437336824000002	3.230064
999	-0.3167856136000002	3.113622
1000	-0.9249179896000002	5.668352
1001	-1.2732833656000002	5.908588
1002	-0.39469560400000026	2.576024
1003	-0.9521073480000003	5.568416
1004	-0.29541140880000005	4.347978
1005	-0.31098174960000036	4.095476
1006	-0.1382439999999998	2.773652
1007	-0.29912866560000034	3.685946
1008	-0.41409334559999966	3.381116
1009	-0.4558552767999998	2.943488
1010	-0.9488429671999996	3.876768
1011	-0.9710528856	4.670226
1012	-0.6722344711999995	3.837038
1013	-0.5991242088000004	3.702914
1014	-0.5706247152000004	2.731668
1015	-0.7257438904000001	2.87448
1016	-0.44281139599999997	3.043742
1017	-0.7890601832000003	3.002356
1018	-0.6713850503999994	3.901044
1019	-0.5285637960000003	2.572402
1020	-0.40398897600000006	3.279108
1021	-0.5066552504000001	3.027756
1022	-0.6095559095999996	3.77325
1023	-0.5081323000000002	3.278628
1024	-0.166976	4.106786
1025	-0.3100673559999989	5.345722
1026	-0.5469747688000004	4.07841
1027	-0.5576002960000009	4.168804
1028	-0.23706971040000008	4.436064
1029	-0.2257758695999999	4.604968
1030	-0.1790003959999997	3.918532
1031	-0.3038199424000003	3.783796
1032	-0.27204474239999954	5.86962
1033	-0.47502627520000074	4.50564
1034	-0.20050312800000009	4.523762
1035	-0.47337047040000024	4.414192
1036	-0.3744525623999996	2.969786
1037	-0.3290825720000005	3.952314
1038	-0.1660447000000001	3.24256
1039	-0.5599610623999989	4.467412
1040	-0.5096696671999993	4.693952
1041	-0.17263289839999996	3.198222
1042	-0.20554126720000013	2.996168
1043	-0.1995279632	3.710962
1044	-0.2920480248000002	3.753834
1045	-0.4757226071999997	3.403506
1046	-0.22397942399999965	2.969808
1047	-0.4786929856000004	4.746466
1048	-0.3033042104000002	5.53934
1049	-0.2705386087999998	3.543858
1050	-1.1649887016000002	6.72063
1051	-0.6261227520000001	3.22431
1052	-0.3176509567999998	3.818792
1053	-0.332663364	3.027648
1054	-0.3699941847999999	2.94377
1055	-0.2723811439999996	4.866982
1056	-0.5236706792000001	5.772818
1057	-0.7288021376000007	4.371104
1058	-1.0411758552	5.841538
1059	-0.09269799999999995	3.070574
1060	-0.12895400000000024	3.698468
1061	-0.1076899999999994	3.173948
1062	-0.43172994960000005	5.279926
1063	-0.3431629288000002	6.222196
1064	-0.3239489583999996	5.59014
1065	-0.17655199999999915	4.008898
1066	-0.1974644032000007	4.44677
1067	-0.30179413360000107	4.764524
1068	-0.32079206079999995	5.048846
1069	-0.12591799999999997	2.989296
1070	-0.1271399999999998	3.567896
1071	-0.09826784879999978	2.485444
1072	-0.19709939759999967	4.69585
1073	-0.2442922536	4.841512
1074	-0.17774225839999996	4.29928
1075	-0.17808000000000046	4.650282
1076	-0.7153777231999994	7.1859
1077	-0.3642322128000005	5.345706
1078	-0.934303328000001	6.408414
1079	-0.2179986328000006	5.507854
1080	-0.4572518888000005	6.868488
1081	-0.3313987295999996	6.872726
1082	-0.3279053839999999	5.753344
1083	-0.2931602800000002	5.068898
1084	-1.1781768103999992	9.13803
1085	-0.30876688480000025	4.678702
1086	-0.2708099855999999	6.440294
1087	-0.47353057919999947	6.001928
1088	-0.7834869040000002	7.37062
1089	-0.3153502151999996	5.462932
1090	-0.19901908319999978	6.18639
1091	-0.2170472832000001	2.474106
1092	-0.21030797439999976	4.280582
1093	-1.664365059200001	5.143494
1094	-0.39447025280000025	3.297242
1095	-0.36484674719999977	4.091324
1096	-0.17547094879999994	3.146638
1097	-0.3066701272000006	4.572888
1098	-0.43375960720000006	5.636092
1099	-0.6681311912000001	6.258366
1100	-0.6835168248000003	5.194824
1101	-0.3302617239999997	4.209454
1102	-1.0797027936000003	4.958836
1103	-0.7583020904000006	5.670902
1104	-0.42043537359999983	4.581036
1105	-0.4510452175999992	4.181624
1106	-1.1318978863999996	4.81423
1107	-1.2139071696	6.450904
1108	-0.49292209120000013	3.714328
1109	-0.4373228152000008	5.80988
1110	-0.8703208135999999	4.886768
1111	-0.6882364671999996	4.880328
1112	-0.14621200000000023	2.84339
1113	-0.32795241039999923	4.547716
1114	-0.18382200000000015	3.753306
1115	-0.6406347991999997	3.055648
1116	-1.5685887856000005	6.481488
1117	-1.3050055800000004	5.960176
1118	-0.41182643039999994	3.756918
1119	-0.1689022839999998	3.178826
1120	-1.1838647255999994	4.775004
1121	-0.4966282007999994	4.9013
1122	-0.5739937888000003	3.27201
1123	-0.6375979688000004	5.353458
1124	-0.23228004640000063	3.953042
1125	-0.5173647031999995	4.98271
1126	-0.5527614296000001	4.830716
1127	-0.25398726240000064	3.965906
1128	-0.30617440239999943	3.871894
1129	-0.4749493240000001	6.681172
1130	-1.1884573424000004	3.162752
1131	-1.4860831016	6.4794
1132	-3.0083305983999997	2.372352
1133	-0.7392954007999999	2.457234
1134	-0.8079930287999999	2.88635
1135	-0.21569486240000002	0.641764
1136	-0.6319917496000002	-1.64078
1137	-0.9297302439999999	-2.009066
1138	-0.5838569695999998	1.864888
1139	-0.9914548511999997	4.421646
1140	-0.58882262	3.778334
1141	-0.4929378847999999	2.060182
1142	-0.39247854560000006	2.143354
1143	-0.36017148080000017	2.577782
1144	-0.9142475336000004	3.95516
1145	-1.5906521600000008	5.420298
1146	-1.149402824	6.122694
1147	-1.3302610448000003	5.45853
1148	-0.26902976320000005	1.246004
1149	-0.7198857479999998	3.422012
1150	-1.2031155663999993	5.289596
1151	-1.2690503032000002	4.769168
1152	-0.564227152	2.569728
1153	-0.6781327447999999	4.373852
1154	-0.6652850680000001	5.200914
1155	-0.40746524880000046	2.540968
1156	-0.8697363047999999	3.07986
1157	-0.12695441439999997	-1.246226
1158	-0.32038654479999995	0.809862
1159	-1.6502493224000003	1.82186
1160	-0.48483581599999964	4.647424
1161	-0.41796172479999977	3.60951
1162	-0.3855716464000004	3.728112
1163	-0.1995367896000001	4.280844
1164	-0.22976695280000003	2.987772
1165	-0.266057401599999	4.388048
1166	-0.2110185848000003	3.790116
1167	-0.49639439839999994	2.4147
1168	-0.34056803600000024	4.373328
1169	-0.5983239199999996	3.056932
1170	-0.690643252	4.084556
1171	-0.4225264383999998	3.509186
1172	-0.4531030231999999	2.642176
1173	-0.32452269120000043	4.089942
1174	-0.7892478823999998	2.595962
1175	-0.7208545368000003	4.563228
1176	-0.33371785919999963	4.461708
1177	-0.27346030880000005	2.965424
1178	-0.5048807607999998	4.806774
1179	-0.26990754879999984	3.372466
1180	-0.4241098271999998	4.089076
1181	-0.2604510464000001	3.399546
1182	-0.9251700944000001	4.757216
1183	-0.33776524880000025	1.4868
1184	-0.6459418872000002	3.199216
1185	-0.6010580592000004	3.871006
1186	-0.45930950880000004	4.102536
1187	-0.24933098320000002	3.019602
1188	-0.40205919600000006	3.90366
1189	-0.30252710080000017	3.257304
1190	-0.6826482455999999	3.552218
1191	-0.4440693696	3.594234
1192	-0.2864023535999999	1.34341
1193	-0.5831864719999997	3.395884
1194	-0.9275937839999997	4.474868
1195	-0.23467207600000017	3.459794
1196	-0.38072874160000003	3.911988
1197	-0.18944702799999966	3.766514
1198	-0.16788399999999948	3.257436
1199	-0.4068855791999997	2.397368
1200	-0.3148483240000001	4.399426
1201	-0.4928974248000003	3.078076
1202	-0.8577307775999995	4.763574
1203	-0.572289636800001	5.456236
1204	-0.1716463351999999	3.683344
1205	-0.13979799999999987	3.817538
1206	-0.11487000000000025	3.159662
1207	-0.22409430560000027	4.473192
1208	-0.5821504824000004	3.163922
1209	-0.35916698800000024	3.042092
1210	-0.17392158879999975	4.597972
1211	-0.433630952	4.94562
1212	-0.8778348888000002	5.89561
1213	-0.14129199999999997	2.809596
1214	-0.1941965528	3.962062
1215	-0.10635600000000034	3.446414
1216	-0.31089171680000005	2.99104
1217	-0.4632302423999996	4.06235
1218	-0.38817757599999947	4.130588
1219	-0.30531540240000044	4.788854
1220	-0.6364055215999999	3.740254
1221	-0.31058643439999967	3.562802
1222	-0.44922636799999965	3.886972
1223	-0.6548234752000002	5.518598
1224	-0.8404632815999997	4.199598
1225	-0.5898842823999998	5.563076
1226	-0.2980069871999998	4.289232
1227	-0.15624199999999977	4.043864
1228	-0.6909254792000001	3.994388
1229	-0.1863270535999999	3.546964
1230	-0.2057155992000002	3.117132
1231	-0.5717120064	3.531874
1232	-0.5192662383999995	3.083588
1233	-0.23949491039999998	2.567724
1234	-0.17994090080000025	3.67134
1235	-0.1421530607999997	3.296304
1236	-0.21913308559999994	4.329828
1237	-0.2691471776000003	3.999402
1238	-0.22344646799999962	4.96163
1239	-1.4342540807999993	6.147698
1240	-0.3568247359999999	3.507066
1241	-0.3052359952000005	3.850244
1242	-0.1472039999999999	3.307362
1243	-0.4020714927999998	3.139768
1244	-0.8017015904000002	6.322484
1245	-0.5094039895999998	3.453136
1246	-0.32750065999999994	2.530646
1247	-0.3194705823999996	3.355834
1248	-0.42492045919999955	3.55162
1249	-0.23721125519999986	3.78235
1250	-1.1104075272000005	5.39638
1251	-0.18851503440000017	3.772442
1252	-0.6626844384000001	6.181442
1253	-0.2740827216000003	2.593006
1254	-0.3945374031999999	3.45262
1255	-0.42122557040000047	2.812254
1256	-0.31695407600000014	2.960314
1257	-0.17753686640000005	2.720118
1258	-0.21689105360000027	2.263724
1259	-0.6032169824000002	3.321676
1260	-0.26471350720000003	3.17115
1261	-0.7861564232000008	4.047496
1262	-0.23874122479999998	0.904092
1263	-0.14532599999999984	3.95857
1264	-0.5886071935999997	5.408608
1265	-0.16418199999999983	3.739478
1266	-1.7250171663999991	4.474084
1267	-0.8665975151999998	5.216408
1268	-0.42930578720000045	2.52289
1269	-0.3269126431999999	4.077898
1270	-0.36564799919999946	2.53006
1271	-0.20760322079999993	0.54625
1272	-0.19834262879999992	3.251038
1273	-0.6072111240000002	3.928212
1274	-0.4606407271999995	4.150716
1275	-0.16821199999999958	4.052596
1276	-0.15997199999999978	2.677596
1277	-0.8503110200000001	4.734272
1278	-0.30064143920000014	1.542468
1279	-0.6078555984000006	4.2848
1280	-0.5171296240000001	3.636958
1281	-0.42322349920000013	1.460376
1282	-0.20352000000000015	2.74104
1283	-0.38634567759999994	5.365808
1284	-0.3708994887999998	2.988068
1285	-0.2467560167999999	3.092654
1286	-0.3825708608000003	2.248534
1287	-0.7349963423999996	5.0662
1288	-1.4386869144000003	4.776272
1289	-0.7872737488000001	2.369308
1290	-0.6861649719999997	4.103084
1291	-1.448388784800001	4.885686
1292	-1.4319721479999992	3.921666
1293	-0.568371612	0.378882
1294	-0.619095948799999	5.428874
1295	-0.5267848808000001	2.787706
1296	-0.3390414936	-0.380962
1297	-0.20250530880000003	1.711394
1298	-0.7058702599999996	2.742084
1299	-0.47639291919999993	1.553098
1300	-0.6503427104	3.018358
1301	-0.536633912	0.881886
1302	-0.3550478511999995	2.231822
1303	-0.8724625968000002	4.090992
1304	-0.3488471423999999	2.11431
1305	-0.4799559399999997	1.976604
1306	-0.48009933839999935	4.761602
1307	-0.41198543680000044	2.497906
1308	-0.8378047536000002	1.881668
1309	-1.1502734576	6.515292
1310	-0.4433368543999999	1.420346
1311	-0.41855898799999997	1.729778
1312	-0.7589013480000005	3.703014
1313	-0.4764469976000004	3.930082
1314	-0.45279941999999995	2.88664
1315	-0.36721263119999975	2.412744
1316	-0.24664515439999968	2.655742
1317	-0.24228750000000013	1.080784
1318	-0.28646528000000004	3.496144
1319	-0.18250218480000002	3.481724
1320	-0.27696846719999996	3.516752
1321	-0.3835803184000002	2.959122
1322	-0.5683969655999997	4.331594
1323	-0.2077264599999996	3.148654
1324	-0.2813157192000002	2.70127
1325	-0.4237702095999999	2.517748
1326	-0.18466277440000026	3.072396
1327	-0.2542862431999998	3.160056
1328	-0.22914623280000013	2.99301
1329	-0.28465435279999973	3.543442
1330	-1.3484670448	5.538576
1331	-0.16906	4.995904
1332	-0.15867200000000015	3.49862
1333	-0.33139544159999995	2.199962
1334	-0.1913617111999999	2.87425
1335	-0.2949127208000001	1.870738
1336	-0.4857234024	0.44862
1337	-0.29244319039999955	3.784386
1338	-0.14904243280000035	2.707708
1339	-0.3026483655999996	3.151098
1340	-0.4195026336000002	2.336348
1341	-0.4548117687999998	2.959684
1342	-0.47738528879999975	2.748018
1343	-0.33485363440000004	3.851428
1344	-0.22598939840000004	2.748864
1345	-0.3232878551999999	3.558548
1346	-0.21821918480000013	3.381022
1347	-0.1218539999999999	3.139132
1348	-0.1267459999999998	3.16077
1349	-0.2696137143999999	2.16617
1350	-0.30268802799999994	2.982822
1351	-0.4015526664	4.07623
1352	-0.23236689520000056	3.881426
1353	-0.37536757040000013	3.345156
1354	-0.23560851280000022	2.695156
1355	-0.6484604008000003	3.885122
1356	-0.47913982160000046	3.13562
1357	-0.6458161031999997	2.14198
1358	-0.5897964824000008	4.981284
1359	-0.2340212919999996	5.316294
1360	-0.20317804880000015	3.24234
1361	-0.26099362400000015	2.650588
1362	-0.19408323199999944	4.173502
1363	-0.12322399999999956	3.921512
1364	-0.15052396480000046	4.087122
1365	-0.3903845584000001	3.282238
1366	-0.5284808871999997	3.50665
1367	-0.35667265199999987	5.034372
1368	-0.16146535119999997	2.705772
1369	-0.14773698000000038	3.710098
1370	-0.38071005360000043	2.709024
1371	-0.2423567848000001	3.441758
1372	-0.2034009584000006	4.394226
1373	-1.4943472951999994	6.94916
1374	-0.2462443368000001	3.69042
1375	-0.3163898768000003	3.833928
1376	-0.3356948951999996	4.512434
1377	-0.2762484183999999	4.98091
1378	-0.3267895352	3.54327
1379	-0.39539390399999974	3.597942
1380	-0.13930399999999965	3.920882
1381	-0.13567199999999957	3.52048
1382	-0.1797646848	3.315944
1383	-0.2625048832000002	3.785096
1384	-0.6812835352	3.948474
1385	-0.12252200000000002	2.61645
1386	-0.5291153056000001	-1.806988
1387	-0.3878155376000003	5.88064
1388	-0.48606319839999995	2.88534
1389	-1.4049983007999998	3.44091
1390	-0.6629122256000001	1.12233
1391	-0.7079883407999996	9.283744
1392	-0.7380215808000001	5.06671
1393	-0.4853053255999994	3.780686
1394	-2.029934048	7.09159
1395	-1.3728353535999984	8.31296
1396	-1.3621920832000003	8.921714
1397	-1.0173947136	2.741864
1398	-1.0446515408	4.968286
1399	-0.969512296800001	5.66006
1400	-0.23869520159999996	-2.17779
1401	-0.7910034736000002	5.300024
1402	-1.1614168936000016	8.877704
1403	-1.1379285440000002	2.872784
1404	-0.3286918904	3.578398
1405	-0.39065900080000016	5.012606
1406	-0.8150685336	5.779692
1407	-1.0594784247999995	6.222442
1408	-0.5101417295999997	4.522786
1409	-0.6405280056	5.253424
1410	-0.7986831360000007	7.67619
1411	-1.0940411640000007	4.761988
1412	-0.8127040696000004	4.84054
1413	-0.6535883224000001	3.933132
1414	-0.6281795064	3.830164
1415	-1.2225470312	2.286022
1416	-1.254927184	7.56007
1417	-0.3167158992000004	4.296028
1418	-0.7918711871999995	3.642272
1419	-0.6331385904000002	2.407278
1420	-0.34906535759999996	1.984444
1421	-0.3016223023999999	1.104638
1422	-0.2949577495999999	2.395144
1423	-0.3730674695999998	1.944228
1424	0.5360910224000003	-3.519484
1425	-1.2075958224	7.756538
1426	-0.08945703119999987	-3.202066
1427	-1.2682011887999998	-1.565056
1428	-2.0561775968000005	1.163788
1429	-1.1496471304	-1.244144
1430	-0.8335540984	2.308888
1431	-0.7655330591999998	-2.093094
1432	-1.6163709439999998	0.537692
1433	-1.6824380048	0.034922
1434	-1.1021348791999999	0.16565
1435	-0.08399527520000052	-3.068778
1436	-0.4401261759999996	-2.905712
1437	-1.1244915824000001	-0.235006
1438	-0.2803755208	1.400572
1439	-1.4866616600000002	-1.273346
1440	-1.7557996959999995	4.479192
1441	-1.4584480344000001	4.00809
1442	-0.6280019168	0.91025
1443	-1.7004655080000008	5.429586
1444	-1.0740372184	-0.514294
1445	0.040363933600000124	-3.444914
1446	-2.3210033103999996	6.115668
1447	-1.4107303168	1.693234
1448	-1.3381736959999997	-1.83158
1449	-1.6609070551999996	6.64538
1450	-1.2968108295999998	3.667552
1451	-1.1720972455999998	1.586346
1452	-0.9160079576	1.277814
1453	-0.7942466519999998	-0.704232
1454	-1.0183647808000003	1.874088
1455	-0.9663421104000002	1.404054
1456	-1.4758301055999998	4.685238
1457	-1.4536437584	1.231808
1458	-1.4634767159999993	6.20464
1459	-1.3606871672	1.605744
1460	-0.9083266576000001	0.799206
1461	-1.2041291527999998	3.923234
1462	-1.2194950632	1.15595
1463	-1.4033555119999992	3.518946
1464	-1.4928000456	2.350222
1465	-0.8500055847999997	2.970222
1466	-1.0887167400000002	-0.609058
1467	-1.3224884711999991	8.389246
1468	-0.9620377736	0.420434
1469	-0.3323748800000001	-0.024794
1470	-0.6788726239999998	-0.484654
1471	-1.4302283663999997	10.46419
1472	-0.2558215824000001	-3.741672
1473	-0.5768700096	-1.544246
1474	-1.6397968192000012	7.102296
1475	-2.356440903200001	11.967232
1476	-0.26773531840000026	-2.31157
1477	-2.099955544800001	11.698402
1478	-0.4991517304000004	7.826696
1479	-2.0217230392	9.67523
1480	-1.6928142984000012	8.242356
1481	-2.785455888800002	11.501242
1482	-3.859185685599999	16.57552
1483	-0.4485951304000002	2.835264
1484	-2.2271224256	9.636966
1485	-0.9279535447999997	9.327242
1486	-2.7140586335999997	9.161984
1487	-1.0620224248000003	5.158182
1488	-5.637129639199999	7.912156
1489	-3.269052358400001	8.42789
1490	-4.7792434184	13.239434
1491	-6.3408920752	10.252542
1492	-3.678140881599999	10.070312
1493	-2.1269181920000007	8.742374
1494	-4.746348757600002	8.276066
1495	-5.224398792000001	11.313496
1496	-2.7767647360000014	9.087086
1497	-3.1621033919999997	7.43999
1498	-6.333725236800001	12.444878
1499	-2.5446544887999982	9.871116
