rId_lcb	rName_lcb	rId_rbd	rName_rbd	total_energy_avg	total_energy_std
3	GLU	475	ALA	-1.3774372768983998	0.819864775779469
3	GLU	476	GLY	-3.2661217197343997	1.8896122269637978
3	GLU	477	SER	-6.643733474909601	6.538092090590777
3	GLU	486	PHE	-1.1490729055928	1.0695433017096028
3	GLU	487	ASN	-8.093894406383999	2.0313588801063074
4	TRP	486	PHE	-2.2792176022351995	1.2120221362534973
4	TRP	487	ASN	-1.3912586331688	0.6889825809201245
6	LEU	456	PHE	-1.0386859295136	0.41140424762255234
6	LEU	475	ALA	-1.4502613734624001	0.46228145625406114
6	LEU	489	TYR	-2.8017505278768	0.6526997468134047
7	GLN	486	PHE	-7.8925039982	1.3423121147451627
7	GLN	487	ASN	-9.1179235242352	2.170189294505626
7	GLN	489	TYR	-9.708854214750401	1.9198476282880288
10	TYR	456	PHE	-1.7566204067335998	0.5977256803125363
10	TYR	489	TYR	-6.788008078792	1.040190613060611
13	MET	455	LEU	-1.570170734332	0.34814073596745326
13	MET	493	GLN	-3.3616212355184	0.8569429134685614
14	ARG	484	GLU	-4.2968400134368006	4.753950272286641
14	ARG	493	GLN	-1.3343904273888	2.122000402772446
17	ASP	449	TYR	-1.1231460379976	1.976800981698148
17	ASP	493	GLN	-1.2914534107223998	1.5594644168527512
20	GLY	498	GLN	-2.5316848620487997	1.6687778063477028
22	ALA	496	GLY	-2.0496939915384003	0.7987678665261772
22	ALA	498	GLN	-2.4875053579336	0.8390860307438721
22	ALA	501	ASN	-1.4918737754184	0.6965673037387708
23	GLU	501	ASN	-6.981255870679201	1.4843369409214773
23	GLU	502	GLY	-3.8926128720352	1.1057196133336102
23	GLU	505	TYR	-5.205871196972799	1.1768410847914799
26	MET	403	ARG	-7.2540531053704	1.6143237245510471
26	MET	417	LYS	-3.4133110267439997	1.0352962238225243
26	MET	495	TYR	-3.7917099722400005	0.8447319664924513
26	MET	496	GLY	-2.4555424530456005	1.5165830331665635
26	MET	497	PHE	-1.718233880876	0.5459543283851541
26	MET	505	TYR	-4.6840838532872	0.8001142277968749
27	ARG	505	TYR	-6.9720794340752	1.4695931042141746
29	SER	417	LYS	-10.6897029579608	2.5053205109744674
29	SER	453	TYR	-1.9918786695448	1.529285726667291
29	SER	455	LEU	-2.33546062232	0.48758425820742324
30	ASP	403	ARG	-17.3533598211632	2.9451838468722054
30	ASP	406	GLU	1.9488738759847999	0.6492845916236365
30	ASP	417	LYS	-24.353098090030404	3.1330986628055166
32	ILE	455	LEU	-3.2063606583896	0.5567320668271125
32	ILE	456	PHE	-2.4725920637824	0.4377657596047658
33	TYR	415	THR	-1.0949569459344	0.61713907231343
33	TYR	416	GLY	-4.0993246445552005	0.8647434623279724
33	TYR	417	LYS	-5.8345318900712	0.9214583170493369
33	TYR	420	ASP	-10.5112710257584	2.4678088911598492
33	TYR	421	TYR	-3.0068768664079997	0.6081770703501667
33	TYR	455	LEU	-1.3689941139416	0.6183084872368941
36	MET	421	TYR	-1.69366937682	0.9538579005120387
36	MET	456	PHE	-2.5398807299392003	0.9332690189924912
36	MET	473	TYR	-1.7032523532575998	0.7248081699060639
37	LYS	415	THR	-2.5382991659064	3.111933397146407
37	LYS	420	ASP	-2.7326612876584	3.7643755114139212
